id,codicione,occ_1a,retr_1a,intervistati_1a,iscritti_lm_1a,occ_3a,retr_3a,intervistati_3a,occ_5a,retr_5a,intervistati_5a,soddisfazione
UB-INF-L,0720106203100010,57.7,1326,89,50.7,,,,,,,86.4
UB-INF-LM,0720107301900002,100.0,1459,22,,100.0,1722,18,100.0,1896,15,83.3
UB-ECO-L,0720106203300001,30.4,1027,142,80.4,,,,,,,87.6
UB-ECO-LM,0720107305700001,81.0,1391,26,,100.0,1493,35,100.0,1678,24,88.4
UB-BIO-L,0720106201300006,5.7,1038,57,91.4,,,,,,,91.1
UB-BIO-LM,0720107300700004,100.0,1276,7,,100.0,1334,7,91.7,1694,12,90.9
UB-GIU,0720107051400001,49.6,852,167,,77.4,1568,171,88.9,1827,201,95.7
PB-INF-L,0720206200800001,28.6,1155,152,89.7,,,,,,,92.7
PB-INF-LM,0720207303300001,95.5,1670,32,,100.0,1922,30,96.0,2037,30,90.6
PB-CIV-L,0720206200700004,17.4,979,59,91.3,,,,,,,95.5
PB-CIV-LM,0720207302400001,90.0,1565,42,,100.0,1777,53,100.0,2049,58,100.0
PB-GES-L,0720206200900003,21.5,985,153,93.5,,,,,,,93.8
PB-GES-LM,0720207303200001,97.8,1623,141,,95.8,1771,101,100.0,1938,107,95.9
US-ECO-L,0750106201800002,23.1,1209,71,84.6,,,,,,,91.9
US-ECO-LM,0750107307800001,82.2,1371,65,,95.0,1585,56,97.3,1702,45,96.6
US-BIO-L,0750106201300002,20.5,892,55,84.1,,,,,,,98.1
US-BIO-LM,0750107300700012,60.5,1267,45,,66.7,1251,26,75.0,1461,23,100.0
US-MEC-L,0750106200900002,28.6,1230,52,83.3,,,,,,,97.6
US-MEC-LM,0750107303400001,87.5,1804,9,,100.0,1862,25,87.5,2027,19,
US-GIU,0750107051400001,52.7,1116,76,,80.8,1467,92,94.2,1599,80,82.8
