id,codicione,laureati,eta_media,durata_media,in_corso,fc1,fc2,fc3,fc4,fc5plus,indice_ritardo
UB-INF-L,0720106203100010,166,23.7,4.3,45.8,26.5,8.4,13.3,0.6,5.4,0.43
UB-INF-LM,0720107301900002,42,26.9,2.9,64.3,19.0,7.1,7.1,0.0,2.4,0.46
UB-ECO-L,0720106203300001,198,23.7,4.0,52.0,23.2,12.6,6.1,3.5,2.5,0.33
UB-ECO-LM,0720107305700001,43,26.6,2.8,62.8,18.6,7.0,9.3,2.3,0.0,0.42
UB-BIO-L,0720106201300006,112,23.7,4.6,39.3,23.2,19.6,5.4,5.4,7.1,0.53
UB-BIO-LM,0720107300700004,19,27.6,2.9,57.9,26.3,10.5,0.0,0.0,5.3,0.46
UB-GIU,0720107051400001,223,26.4,7.1,47.5,13.9,11.7,9.4,4.0,13.5,0.41
PB-INF-L,0720206200800001,236,23.3,4.0,60.2,16.9,9.7,5.5,3.0,4.7,0.34
PB-INF-LM,0720207303300001,44,25.9,2.9,52.3,38.6,2.3,4.5,2.3,0.0,0.43
PB-CIV-L,0720206200700004,78,23.9,4.8,42.3,17.9,14.1,14.1,5.1,6.4,0.60
PB-CIV-LM,0720207302400001,37,28.0,3.4,37.8,40.5,10.8,8.1,0.0,2.7,0.71
PB-GES-L,0720206200900003,263,23.1,3.8,62.4,21.7,6.8,4.6,1.9,2.7,0.27
PB-GES-LM,0720207303200001,167,25.9,2.7,63.5,25.7,6.6,1.8,1.2,1.2,0.36
US-ECO-L,0750106201800002,128,24.3,4.9,29.7,25.8,20.3,9.4,3.9,10.9,0.62
US-ECO-LM,0750107307800001,103,26.5,2.5,75.7,16.5,3.9,1.9,1.9,0.0,0.24
US-BIO-L,0750106201300002,83,24.4,4.4,45.8,22.9,14.5,4.8,,12.0,0.48
US-BIO-LM,0750107300700012,45,28.4,3.3,51.1,26.7,8.9,6.7,2.2,4.4,0.66
US-MEC-L,0750106200900002,85,24.1,4.9,42.4,16.5,7.1,15.3,9.4,9.4,0.65
US-MEC-LM,0750107303400001,15,27.4,3.4,13.3,66.7,13.3,0.0,0.0,6.7,0.72
US-GIU,0750107051400001,93,27.3,7.7,22.6,24.7,15.1,9.7,8.6,19.4,0.53
