anno_accademico,ateneo,UNIVERSITA,tipo_stud,status,dataset,beneficiari,quota,fonte,tipo_dato
2020/21,ALTRO,Accademia di Belle Arti di Bari,anni successivi,fuorisede,https://dati.puglia.it/ckan/dataset/borse-di-studio-2020-21-studenti-idonei-e-beneficiari-distinti-per-richiesta-status-fuorisede,24,0.24742268041237114,ADISU Puglia su dati.puglia.it (microdati borse di studio),M
2020/21,ALTRO,Accademia di Belle Arti di Bari,anni successivi,in sede,https://dati.puglia.it/ckan/dataset/borse-di-studio-2020-21-studenti-idonei-e-beneficiari-distinti-per-richiesta-status-fuorisede,13,0.13402061855670103,ADISU Puglia su dati.puglia.it (microdati borse di studio),M
2020/21,ALTRO,Accademia di Belle Arti di Bari,anni successivi,pendolare,https://dati.puglia.it/ckan/dataset/borse-di-studio-2020-21-studenti-idonei-e-beneficiari-distinti-per-richiesta-status-fuorisede,60,0.6185567010309279,ADISU Puglia su dati.puglia.it (microdati borse di studio),M
2020/21,ALTRO,Accademia di Belle Arti di Bari,primo anno,fuorisede,https://dati.puglia.it/ckan/dataset/borse-di-studio-2020-21-studenti-idonei-e-beneficiari-distinti-per-richiesta-status-fuorisede,11,0.19642857142857142,ADISU Puglia su dati.puglia.it (microdati borse di studio),M
2020/21,ALTRO,Accademia di Belle Arti di Bari,primo anno,in sede,https://dati.puglia.it/ckan/dataset/borse-di-studio-2020-21-studenti-idonei-e-beneficiari-distinti-per-richiesta-status-fuorisede,5,0.08928571428571429,ADISU Puglia su dati.puglia.it (microdati borse di studio),M
2020/21,ALTRO,Accademia di Belle Arti di Bari,primo anno,pendolare,https://dati.puglia.it/ckan/dataset/borse-di-studio-2020-21-studenti-idonei-e-beneficiari-distinti-per-richiesta-status-fuorisede,40,0.7142857142857143,ADISU Puglia su dati.puglia.it (microdati borse di studio),M
2020/21,ALTRO,Accademia di Belle Arti di Foggia,anni successivi,fuorisede,https://dati.puglia.it/ckan/dataset/borse-di-studio-2020-21-studenti-idonei-e-beneficiari-distinti-per-richiesta-status-fuorisede,20,0.1,ADISU Puglia su dati.puglia.it (microdati borse di studio),M
2020/21,ALTRO,Accademia di Belle Arti di Foggia,anni successivi,in sede,https://dati.puglia.it/ckan/dataset/borse-di-studio-2020-21-studenti-idonei-e-beneficiari-distinti-per-richiesta-status-fuorisede,53,0.265,ADISU Puglia su dati.puglia.it (microdati borse di studio),M
2020/21,ALTRO,Accademia di Belle Arti di Foggia,anni successivi,pendolare,https://dati.puglia.it/ckan/dataset/borse-di-studio-2020-21-studenti-idonei-e-beneficiari-distinti-per-richiesta-status-fuorisede,127,0.635,ADISU Puglia su dati.puglia.it (microdati borse di studio),M
2020/21,ALTRO,Accademia di Belle Arti di Foggia,primo anno,fuorisede,https://dati.puglia.it/ckan/dataset/borse-di-studio-2020-21-studenti-idonei-e-beneficiari-distinti-per-richiesta-status-fuorisede,3,0.045454545454545456,ADISU Puglia su dati.puglia.it (microdati borse di studio),M
2020/21,ALTRO,Accademia di Belle Arti di Foggia,primo anno,in sede,https://dati.puglia.it/ckan/dataset/borse-di-studio-2020-21-studenti-idonei-e-beneficiari-distinti-per-richiesta-status-fuorisede,10,0.15151515151515152,ADISU Puglia su dati.puglia.it (microdati borse di studio),M
2020/21,ALTRO,Accademia di Belle Arti di Foggia,primo anno,pendolare,https://dati.puglia.it/ckan/dataset/borse-di-studio-2020-21-studenti-idonei-e-beneficiari-distinti-per-richiesta-status-fuorisede,53,0.803030303030303,ADISU Puglia su dati.puglia.it (microdati borse di studio),M
2020/21,ALTRO,Accademia di Belle Arti di Lecce,anni successivi,fuorisede,https://dati.puglia.it/ckan/dataset/borse-di-studio-2020-21-studenti-idonei-e-beneficiari-distinti-per-richiesta-status-fuorisede,35,0.35353535353535354,ADISU Puglia su dati.puglia.it (microdati borse di studio),M
2020/21,ALTRO,Accademia di Belle Arti di Lecce,anni successivi,in sede,https://dati.puglia.it/ckan/dataset/borse-di-studio-2020-21-studenti-idonei-e-beneficiari-distinti-per-richiesta-status-fuorisede,11,0.1111111111111111,ADISU Puglia su dati.puglia.it (microdati borse di studio),M
2020/21,ALTRO,Accademia di Belle Arti di Lecce,anni successivi,pendolare,https://dati.puglia.it/ckan/dataset/borse-di-studio-2020-21-studenti-idonei-e-beneficiari-distinti-per-richiesta-status-fuorisede,53,0.5353535353535354,ADISU Puglia su dati.puglia.it (microdati borse di studio),M
2020/21,ALTRO,Accademia di Belle Arti di Lecce,primo anno,fuorisede,https://dati.puglia.it/ckan/dataset/borse-di-studio-2020-21-studenti-idonei-e-beneficiari-distinti-per-richiesta-status-fuorisede,15,0.3409090909090909,ADISU Puglia su dati.puglia.it (microdati borse di studio),M
2020/21,ALTRO,Accademia di Belle Arti di Lecce,primo anno,in sede,https://dati.puglia.it/ckan/dataset/borse-di-studio-2020-21-studenti-idonei-e-beneficiari-distinti-per-richiesta-status-fuorisede,4,0.09090909090909091,ADISU Puglia su dati.puglia.it (microdati borse di studio),M
2020/21,ALTRO,Accademia di Belle Arti di Lecce,primo anno,pendolare,https://dati.puglia.it/ckan/dataset/borse-di-studio-2020-21-studenti-idonei-e-beneficiari-distinti-per-richiesta-status-fuorisede,25,0.5681818181818182,ADISU Puglia su dati.puglia.it (microdati borse di studio),M
2020/21,ALTRO,Conservatorio G Paisiello di Taranto,anni successivi,in sede,https://dati.puglia.it/ckan/dataset/borse-di-studio-2020-21-studenti-idonei-e-beneficiari-distinti-per-richiesta-status-fuorisede,5,0.7142857142857143,ADISU Puglia su dati.puglia.it (microdati borse di studio),M
2020/21,ALTRO,Conservatorio G Paisiello di Taranto,anni successivi,pendolare,https://dati.puglia.it/ckan/dataset/borse-di-studio-2020-21-studenti-idonei-e-beneficiari-distinti-per-richiesta-status-fuorisede,2,0.2857142857142857,ADISU Puglia su dati.puglia.it (microdati borse di studio),M
2020/21,ALTRO,Conservatorio G Paisiello di Taranto,primo anno,in sede,https://dati.puglia.it/ckan/dataset/borse-di-studio-2020-21-studenti-idonei-e-beneficiari-distinti-per-richiesta-status-fuorisede,1,0.1111111111111111,ADISU Puglia su dati.puglia.it (microdati borse di studio),M
2020/21,ALTRO,Conservatorio G Paisiello di Taranto,primo anno,pendolare,https://dati.puglia.it/ckan/dataset/borse-di-studio-2020-21-studenti-idonei-e-beneficiari-distinti-per-richiesta-status-fuorisede,8,0.8888888888888888,ADISU Puglia su dati.puglia.it (microdati borse di studio),M
2020/21,ALTRO,Conservatorio N Piccinni di Bari,anni successivi,fuorisede,https://dati.puglia.it/ckan/dataset/borse-di-studio-2020-21-studenti-idonei-e-beneficiari-distinti-per-richiesta-status-fuorisede,12,0.21052631578947367,ADISU Puglia su dati.puglia.it (microdati borse di studio),M
2020/21,ALTRO,Conservatorio N Piccinni di Bari,anni successivi,in sede,https://dati.puglia.it/ckan/dataset/borse-di-studio-2020-21-studenti-idonei-e-beneficiari-distinti-per-richiesta-status-fuorisede,3,0.05263157894736842,ADISU Puglia su dati.puglia.it (microdati borse di studio),M
2020/21,ALTRO,Conservatorio N Piccinni di Bari,anni successivi,pendolare,https://dati.puglia.it/ckan/dataset/borse-di-studio-2020-21-studenti-idonei-e-beneficiari-distinti-per-richiesta-status-fuorisede,42,0.7368421052631579,ADISU Puglia su dati.puglia.it (microdati borse di studio),M
2020/21,ALTRO,Conservatorio N Piccinni di Bari,primo anno,fuorisede,https://dati.puglia.it/ckan/dataset/borse-di-studio-2020-21-studenti-idonei-e-beneficiari-distinti-per-richiesta-status-fuorisede,5,0.17857142857142858,ADISU Puglia su dati.puglia.it (microdati borse di studio),M
2020/21,ALTRO,Conservatorio N Piccinni di Bari,primo anno,in sede,https://dati.puglia.it/ckan/dataset/borse-di-studio-2020-21-studenti-idonei-e-beneficiari-distinti-per-richiesta-status-fuorisede,3,0.10714285714285714,ADISU Puglia su dati.puglia.it (microdati borse di studio),M
2020/21,ALTRO,Conservatorio N Piccinni di Bari,primo anno,pendolare,https://dati.puglia.it/ckan/dataset/borse-di-studio-2020-21-studenti-idonei-e-beneficiari-distinti-per-richiesta-status-fuorisede,20,0.7142857142857143,ADISU Puglia su dati.puglia.it (microdati borse di studio),M
2020/21,ALTRO,Conservatorio N Rota di Monopoli (BA),anni successivi,fuorisede,https://dati.puglia.it/ckan/dataset/borse-di-studio-2020-21-studenti-idonei-e-beneficiari-distinti-per-richiesta-status-fuorisede,2,0.08333333333333333,ADISU Puglia su dati.puglia.it (microdati borse di studio),M
2020/21,ALTRO,Conservatorio N Rota di Monopoli (BA),anni successivi,in sede,https://dati.puglia.it/ckan/dataset/borse-di-studio-2020-21-studenti-idonei-e-beneficiari-distinti-per-richiesta-status-fuorisede,3,0.125,ADISU Puglia su dati.puglia.it (microdati borse di studio),M
2020/21,ALTRO,Conservatorio N Rota di Monopoli (BA),anni successivi,pendolare,https://dati.puglia.it/ckan/dataset/borse-di-studio-2020-21-studenti-idonei-e-beneficiari-distinti-per-richiesta-status-fuorisede,19,0.7916666666666666,ADISU Puglia su dati.puglia.it (microdati borse di studio),M
2020/21,ALTRO,Conservatorio N Rota di Monopoli (BA),primo anno,fuorisede,https://dati.puglia.it/ckan/dataset/borse-di-studio-2020-21-studenti-idonei-e-beneficiari-distinti-per-richiesta-status-fuorisede,3,0.23076923076923078,ADISU Puglia su dati.puglia.it (microdati borse di studio),M
2020/21,ALTRO,Conservatorio N Rota di Monopoli (BA),primo anno,pendolare,https://dati.puglia.it/ckan/dataset/borse-di-studio-2020-21-studenti-idonei-e-beneficiari-distinti-per-richiesta-status-fuorisede,10,0.7692307692307693,ADISU Puglia su dati.puglia.it (microdati borse di studio),M
2020/21,ALTRO,Conservatorio T Schipa di Lecce,anni successivi,fuorisede,https://dati.puglia.it/ckan/dataset/borse-di-studio-2020-21-studenti-idonei-e-beneficiari-distinti-per-richiesta-status-fuorisede,5,0.125,ADISU Puglia su dati.puglia.it (microdati borse di studio),M
2020/21,ALTRO,Conservatorio T Schipa di Lecce,anni successivi,in sede,https://dati.puglia.it/ckan/dataset/borse-di-studio-2020-21-studenti-idonei-e-beneficiari-distinti-per-richiesta-status-fuorisede,4,0.1,ADISU Puglia su dati.puglia.it (microdati borse di studio),M
2020/21,ALTRO,Conservatorio T Schipa di Lecce,anni successivi,pendolare,https://dati.puglia.it/ckan/dataset/borse-di-studio-2020-21-studenti-idonei-e-beneficiari-distinti-per-richiesta-status-fuorisede,31,0.775,ADISU Puglia su dati.puglia.it (microdati borse di studio),M
2020/21,ALTRO,Conservatorio T Schipa di Lecce,primo anno,fuorisede,https://dati.puglia.it/ckan/dataset/borse-di-studio-2020-21-studenti-idonei-e-beneficiari-distinti-per-richiesta-status-fuorisede,3,0.14285714285714285,ADISU Puglia su dati.puglia.it (microdati borse di studio),M
2020/21,ALTRO,Conservatorio T Schipa di Lecce,primo anno,in sede,https://dati.puglia.it/ckan/dataset/borse-di-studio-2020-21-studenti-idonei-e-beneficiari-distinti-per-richiesta-status-fuorisede,1,0.047619047619047616,ADISU Puglia su dati.puglia.it (microdati borse di studio),M
2020/21,ALTRO,Conservatorio T Schipa di Lecce,primo anno,pendolare,https://dati.puglia.it/ckan/dataset/borse-di-studio-2020-21-studenti-idonei-e-beneficiari-distinti-per-richiesta-status-fuorisede,17,0.8095238095238095,ADISU Puglia su dati.puglia.it (microdati borse di studio),M
2020/21,ALTRO,Conservatorio U Giordano di Foggia,anni successivi,fuorisede,https://dati.puglia.it/ckan/dataset/borse-di-studio-2020-21-studenti-idonei-e-beneficiari-distinti-per-richiesta-status-fuorisede,3,0.06,ADISU Puglia su dati.puglia.it (microdati borse di studio),M
2020/21,ALTRO,Conservatorio U Giordano di Foggia,anni successivi,in sede,https://dati.puglia.it/ckan/dataset/borse-di-studio-2020-21-studenti-idonei-e-beneficiari-distinti-per-richiesta-status-fuorisede,10,0.2,ADISU Puglia su dati.puglia.it (microdati borse di studio),M
2020/21,ALTRO,Conservatorio U Giordano di Foggia,anni successivi,pendolare,https://dati.puglia.it/ckan/dataset/borse-di-studio-2020-21-studenti-idonei-e-beneficiari-distinti-per-richiesta-status-fuorisede,37,0.74,ADISU Puglia su dati.puglia.it (microdati borse di studio),M
2020/21,ALTRO,Conservatorio U Giordano di Foggia,primo anno,fuorisede,https://dati.puglia.it/ckan/dataset/borse-di-studio-2020-21-studenti-idonei-e-beneficiari-distinti-per-richiesta-status-fuorisede,3,0.12,ADISU Puglia su dati.puglia.it (microdati borse di studio),M
2020/21,ALTRO,Conservatorio U Giordano di Foggia,primo anno,in sede,https://dati.puglia.it/ckan/dataset/borse-di-studio-2020-21-studenti-idonei-e-beneficiari-distinti-per-richiesta-status-fuorisede,5,0.2,ADISU Puglia su dati.puglia.it (microdati borse di studio),M
2020/21,ALTRO,Conservatorio U Giordano di Foggia,primo anno,pendolare,https://dati.puglia.it/ckan/dataset/borse-di-studio-2020-21-studenti-idonei-e-beneficiari-distinti-per-richiesta-status-fuorisede,17,0.68,ADISU Puglia su dati.puglia.it (microdati borse di studio),M
2020/21,LUM,Libera Università Mediterranea Giuseppe Degennaro,anni successivi,fuorisede,https://dati.puglia.it/ckan/dataset/borse-di-studio-2020-21-studenti-idonei-e-beneficiari-distinti-per-richiesta-status-fuorisede,7,0.14285714285714285,ADISU Puglia su dati.puglia.it (microdati borse di studio),M
2020/21,LUM,Libera Università Mediterranea Giuseppe Degennaro,anni successivi,in sede,https://dati.puglia.it/ckan/dataset/borse-di-studio-2020-21-studenti-idonei-e-beneficiari-distinti-per-richiesta-status-fuorisede,1,0.02040816326530612,ADISU Puglia su dati.puglia.it (microdati borse di studio),M
2020/21,LUM,Libera Università Mediterranea Giuseppe Degennaro,anni successivi,pendolare,https://dati.puglia.it/ckan/dataset/borse-di-studio-2020-21-studenti-idonei-e-beneficiari-distinti-per-richiesta-status-fuorisede,41,0.8367346938775511,ADISU Puglia su dati.puglia.it (microdati borse di studio),M
2020/21,LUM,Libera Università Mediterranea Giuseppe Degennaro,primo anno,fuorisede,https://dati.puglia.it/ckan/dataset/borse-di-studio-2020-21-studenti-idonei-e-beneficiari-distinti-per-richiesta-status-fuorisede,1,0.02857142857142857,ADISU Puglia su dati.puglia.it (microdati borse di studio),M
2020/21,LUM,Libera Università Mediterranea Giuseppe Degennaro,primo anno,pendolare,https://dati.puglia.it/ckan/dataset/borse-di-studio-2020-21-studenti-idonei-e-beneficiari-distinti-per-richiesta-status-fuorisede,34,0.9714285714285714,ADISU Puglia su dati.puglia.it (microdati borse di studio),M
2020/21,POLIBA,Politecnico di Bari,anni successivi,fuorisede,https://dati.puglia.it/ckan/dataset/borse-di-studio-2020-21-studenti-idonei-e-beneficiari-distinti-per-richiesta-status-fuorisede,295,0.2346857597454256,ADISU Puglia su dati.puglia.it (microdati borse di studio),M
2020/21,POLIBA,Politecnico di Bari,anni successivi,in sede,https://dati.puglia.it/ckan/dataset/borse-di-studio-2020-21-studenti-idonei-e-beneficiari-distinti-per-richiesta-status-fuorisede,145,0.11535401750198886,ADISU Puglia su dati.puglia.it (microdati borse di studio),M
2020/21,POLIBA,Politecnico di Bari,anni successivi,pendolare,https://dati.puglia.it/ckan/dataset/borse-di-studio-2020-21-studenti-idonei-e-beneficiari-distinti-per-richiesta-status-fuorisede,817,0.6499602227525855,ADISU Puglia su dati.puglia.it (microdati borse di studio),M
2020/21,POLIBA,Politecnico di Bari,primo anno,fuorisede,https://dati.puglia.it/ckan/dataset/borse-di-studio-2020-21-studenti-idonei-e-beneficiari-distinti-per-richiesta-status-fuorisede,116,0.19829059829059828,ADISU Puglia su dati.puglia.it (microdati borse di studio),M
2020/21,POLIBA,Politecnico di Bari,primo anno,in sede,https://dati.puglia.it/ckan/dataset/borse-di-studio-2020-21-studenti-idonei-e-beneficiari-distinti-per-richiesta-status-fuorisede,56,0.09572649572649573,ADISU Puglia su dati.puglia.it (microdati borse di studio),M
2020/21,POLIBA,Politecnico di Bari,primo anno,pendolare,https://dati.puglia.it/ckan/dataset/borse-di-studio-2020-21-studenti-idonei-e-beneficiari-distinti-per-richiesta-status-fuorisede,413,0.705982905982906,ADISU Puglia su dati.puglia.it (microdati borse di studio),M
2020/21,UNIBA,Università degli Studi di Bari Aldo Moro,anni successivi,fuorisede,https://dati.puglia.it/ckan/dataset/borse-di-studio-2020-21-studenti-idonei-e-beneficiari-distinti-per-richiesta-status-fuorisede,1182,0.21672167216721672,ADISU Puglia su dati.puglia.it (microdati borse di studio),M
2020/21,UNIBA,Università degli Studi di Bari Aldo Moro,anni successivi,in sede,https://dati.puglia.it/ckan/dataset/borse-di-studio-2020-21-studenti-idonei-e-beneficiari-distinti-per-richiesta-status-fuorisede,702,0.12871287128712872,ADISU Puglia su dati.puglia.it (microdati borse di studio),M
2020/21,UNIBA,Università degli Studi di Bari Aldo Moro,anni successivi,pendolare,https://dati.puglia.it/ckan/dataset/borse-di-studio-2020-21-studenti-idonei-e-beneficiari-distinti-per-richiesta-status-fuorisede,3570,0.6545654565456546,ADISU Puglia su dati.puglia.it (microdati borse di studio),M
2020/21,UNIBA,Università degli Studi di Bari Aldo Moro,primo anno,fuorisede,https://dati.puglia.it/ckan/dataset/borse-di-studio-2020-21-studenti-idonei-e-beneficiari-distinti-per-richiesta-status-fuorisede,358,0.15240527884206045,ADISU Puglia su dati.puglia.it (microdati borse di studio),M
2020/21,UNIBA,Università degli Studi di Bari Aldo Moro,primo anno,in sede,https://dati.puglia.it/ckan/dataset/borse-di-studio-2020-21-studenti-idonei-e-beneficiari-distinti-per-richiesta-status-fuorisede,265,0.11281396338867604,ADISU Puglia su dati.puglia.it (microdati borse di studio),M
2020/21,UNIBA,Università degli Studi di Bari Aldo Moro,primo anno,pendolare,https://dati.puglia.it/ckan/dataset/borse-di-studio-2020-21-studenti-idonei-e-beneficiari-distinti-per-richiesta-status-fuorisede,1726,0.7347807577692635,ADISU Puglia su dati.puglia.it (microdati borse di studio),M
2020/21,UNIFG,Università degli Studi di Foggia,anni successivi,fuorisede,https://dati.puglia.it/ckan/dataset/borse-di-studio-2020-21-studenti-idonei-e-beneficiari-distinti-per-richiesta-status-fuorisede,135,0.08050089445438283,ADISU Puglia su dati.puglia.it (microdati borse di studio),M
2020/21,UNIFG,Università degli Studi di Foggia,anni successivi,in sede,https://dati.puglia.it/ckan/dataset/borse-di-studio-2020-21-studenti-idonei-e-beneficiari-distinti-per-richiesta-status-fuorisede,362,0.21586165772212285,ADISU Puglia su dati.puglia.it (microdati borse di studio),M
2020/21,UNIFG,Università degli Studi di Foggia,anni successivi,pendolare,https://dati.puglia.it/ckan/dataset/borse-di-studio-2020-21-studenti-idonei-e-beneficiari-distinti-per-richiesta-status-fuorisede,1180,0.7036374478234944,ADISU Puglia su dati.puglia.it (microdati borse di studio),M
2020/21,UNIFG,Università degli Studi di Foggia,primo anno,fuorisede,https://dati.puglia.it/ckan/dataset/borse-di-studio-2020-21-studenti-idonei-e-beneficiari-distinti-per-richiesta-status-fuorisede,60,0.06779661016949153,ADISU Puglia su dati.puglia.it (microdati borse di studio),M
2020/21,UNIFG,Università degli Studi di Foggia,primo anno,in sede,https://dati.puglia.it/ckan/dataset/borse-di-studio-2020-21-studenti-idonei-e-beneficiari-distinti-per-richiesta-status-fuorisede,190,0.21468926553672316,ADISU Puglia su dati.puglia.it (microdati borse di studio),M
2020/21,UNIFG,Università degli Studi di Foggia,primo anno,pendolare,https://dati.puglia.it/ckan/dataset/borse-di-studio-2020-21-studenti-idonei-e-beneficiari-distinti-per-richiesta-status-fuorisede,635,0.7175141242937854,ADISU Puglia su dati.puglia.it (microdati borse di studio),M
2020/21,UNISALENTO,Università del Salento,anni successivi,fuorisede,https://dati.puglia.it/ckan/dataset/borse-di-studio-2020-21-studenti-idonei-e-beneficiari-distinti-per-richiesta-status-fuorisede,487,0.16880415944540728,ADISU Puglia su dati.puglia.it (microdati borse di studio),M
2020/21,UNISALENTO,Università del Salento,anni successivi,in sede,https://dati.puglia.it/ckan/dataset/borse-di-studio-2020-21-studenti-idonei-e-beneficiari-distinti-per-richiesta-status-fuorisede,563,0.1951473136915078,ADISU Puglia su dati.puglia.it (microdati borse di studio),M
2020/21,UNISALENTO,Università del Salento,anni successivi,pendolare,https://dati.puglia.it/ckan/dataset/borse-di-studio-2020-21-studenti-idonei-e-beneficiari-distinti-per-richiesta-status-fuorisede,1835,0.6360485268630849,ADISU Puglia su dati.puglia.it (microdati borse di studio),M
2020/21,UNISALENTO,Università del Salento,primo anno,fuorisede,https://dati.puglia.it/ckan/dataset/borse-di-studio-2020-21-studenti-idonei-e-beneficiari-distinti-per-richiesta-status-fuorisede,182,0.14455917394757745,ADISU Puglia su dati.puglia.it (microdati borse di studio),M
2020/21,UNISALENTO,Università del Salento,primo anno,in sede,https://dati.puglia.it/ckan/dataset/borse-di-studio-2020-21-studenti-idonei-e-beneficiari-distinti-per-richiesta-status-fuorisede,238,0.18903891977760126,ADISU Puglia su dati.puglia.it (microdati borse di studio),M
2020/21,UNISALENTO,Università del Salento,primo anno,pendolare,https://dati.puglia.it/ckan/dataset/borse-di-studio-2020-21-studenti-idonei-e-beneficiari-distinti-per-richiesta-status-fuorisede,839,0.6664019062748213,ADISU Puglia su dati.puglia.it (microdati borse di studio),M
2021/22,ALTRO,Accademia di Belle Arti di Bari,anni successivi,fuorisede,https://dati.puglia.it/ckan/dataset/borse-di-studio-2021-22-studenti-idonei-e-beneficiari-distinti-per-richiesta-status-di-fuorisede,26,0.1925925925925926,ADISU Puglia su dati.puglia.it (microdati borse di studio),M
2021/22,ALTRO,Accademia di Belle Arti di Bari,anni successivi,in sede,https://dati.puglia.it/ckan/dataset/borse-di-studio-2021-22-studenti-idonei-e-beneficiari-distinti-per-richiesta-status-di-fuorisede,19,0.14074074074074075,ADISU Puglia su dati.puglia.it (microdati borse di studio),M
2021/22,ALTRO,Accademia di Belle Arti di Bari,anni successivi,pendolare,https://dati.puglia.it/ckan/dataset/borse-di-studio-2021-22-studenti-idonei-e-beneficiari-distinti-per-richiesta-status-di-fuorisede,90,0.6666666666666666,ADISU Puglia su dati.puglia.it (microdati borse di studio),M
2021/22,ALTRO,Accademia di Belle Arti di Bari,primo anno,fuorisede,https://dati.puglia.it/ckan/dataset/borse-di-studio-2021-22-studenti-idonei-e-beneficiari-distinti-per-richiesta-status-di-fuorisede,21,0.2441860465116279,ADISU Puglia su dati.puglia.it (microdati borse di studio),M
2021/22,ALTRO,Accademia di Belle Arti di Bari,primo anno,in sede,https://dati.puglia.it/ckan/dataset/borse-di-studio-2021-22-studenti-idonei-e-beneficiari-distinti-per-richiesta-status-di-fuorisede,4,0.046511627906976744,ADISU Puglia su dati.puglia.it (microdati borse di studio),M
2021/22,ALTRO,Accademia di Belle Arti di Bari,primo anno,pendolare,https://dati.puglia.it/ckan/dataset/borse-di-studio-2021-22-studenti-idonei-e-beneficiari-distinti-per-richiesta-status-di-fuorisede,61,0.7093023255813954,ADISU Puglia su dati.puglia.it (microdati borse di studio),M
2021/22,ALTRO,Accademia di Belle Arti di Foggia,anni successivi,fuorisede,https://dati.puglia.it/ckan/dataset/borse-di-studio-2021-22-studenti-idonei-e-beneficiari-distinti-per-richiesta-status-di-fuorisede,14,0.07567567567567568,ADISU Puglia su dati.puglia.it (microdati borse di studio),M
2021/22,ALTRO,Accademia di Belle Arti di Foggia,anni successivi,in sede,https://dati.puglia.it/ckan/dataset/borse-di-studio-2021-22-studenti-idonei-e-beneficiari-distinti-per-richiesta-status-di-fuorisede,37,0.2,ADISU Puglia su dati.puglia.it (microdati borse di studio),M
2021/22,ALTRO,Accademia di Belle Arti di Foggia,anni successivi,pendolare,https://dati.puglia.it/ckan/dataset/borse-di-studio-2021-22-studenti-idonei-e-beneficiari-distinti-per-richiesta-status-di-fuorisede,134,0.7243243243243244,ADISU Puglia su dati.puglia.it (microdati borse di studio),M
2021/22,ALTRO,Accademia di Belle Arti di Foggia,primo anno,fuorisede,https://dati.puglia.it/ckan/dataset/borse-di-studio-2021-22-studenti-idonei-e-beneficiari-distinti-per-richiesta-status-di-fuorisede,4,0.05128205128205128,ADISU Puglia su dati.puglia.it (microdati borse di studio),M
2021/22,ALTRO,Accademia di Belle Arti di Foggia,primo anno,in sede,https://dati.puglia.it/ckan/dataset/borse-di-studio-2021-22-studenti-idonei-e-beneficiari-distinti-per-richiesta-status-di-fuorisede,11,0.14102564102564102,ADISU Puglia su dati.puglia.it (microdati borse di studio),M
2021/22,ALTRO,Accademia di Belle Arti di Foggia,primo anno,pendolare,https://dati.puglia.it/ckan/dataset/borse-di-studio-2021-22-studenti-idonei-e-beneficiari-distinti-per-richiesta-status-di-fuorisede,63,0.8076923076923077,ADISU Puglia su dati.puglia.it (microdati borse di studio),M
2021/22,ALTRO,Accademia di Belle Arti di Lecce,anni successivi,fuorisede,https://dati.puglia.it/ckan/dataset/borse-di-studio-2021-22-studenti-idonei-e-beneficiari-distinti-per-richiesta-status-di-fuorisede,37,0.3008130081300813,ADISU Puglia su dati.puglia.it (microdati borse di studio),M
2021/22,ALTRO,Accademia di Belle Arti di Lecce,anni successivi,in sede,https://dati.puglia.it/ckan/dataset/borse-di-studio-2021-22-studenti-idonei-e-beneficiari-distinti-per-richiesta-status-di-fuorisede,7,0.056910569105691054,ADISU Puglia su dati.puglia.it (microdati borse di studio),M
2021/22,ALTRO,Accademia di Belle Arti di Lecce,anni successivi,pendolare,https://dati.puglia.it/ckan/dataset/borse-di-studio-2021-22-studenti-idonei-e-beneficiari-distinti-per-richiesta-status-di-fuorisede,79,0.6422764227642277,ADISU Puglia su dati.puglia.it (microdati borse di studio),M
2021/22,ALTRO,Accademia di Belle Arti di Lecce,primo anno,fuorisede,https://dati.puglia.it/ckan/dataset/borse-di-studio-2021-22-studenti-idonei-e-beneficiari-distinti-per-richiesta-status-di-fuorisede,11,0.20754716981132076,ADISU Puglia su dati.puglia.it (microdati borse di studio),M
2021/22,ALTRO,Accademia di Belle Arti di Lecce,primo anno,in sede,https://dati.puglia.it/ckan/dataset/borse-di-studio-2021-22-studenti-idonei-e-beneficiari-distinti-per-richiesta-status-di-fuorisede,3,0.05660377358490566,ADISU Puglia su dati.puglia.it (microdati borse di studio),M
2021/22,ALTRO,Accademia di Belle Arti di Lecce,primo anno,pendolare,https://dati.puglia.it/ckan/dataset/borse-di-studio-2021-22-studenti-idonei-e-beneficiari-distinti-per-richiesta-status-di-fuorisede,39,0.7358490566037735,ADISU Puglia su dati.puglia.it (microdati borse di studio),M
2021/22,ALTRO,Conservatorio G Paisiello di Taranto,anni successivi,in sede,https://dati.puglia.it/ckan/dataset/borse-di-studio-2021-22-studenti-idonei-e-beneficiari-distinti-per-richiesta-status-di-fuorisede,7,0.5833333333333334,ADISU Puglia su dati.puglia.it (microdati borse di studio),M
2021/22,ALTRO,Conservatorio G Paisiello di Taranto,anni successivi,pendolare,https://dati.puglia.it/ckan/dataset/borse-di-studio-2021-22-studenti-idonei-e-beneficiari-distinti-per-richiesta-status-di-fuorisede,5,0.4166666666666667,ADISU Puglia su dati.puglia.it (microdati borse di studio),M
2021/22,ALTRO,Conservatorio G Paisiello di Taranto,primo anno,in sede,https://dati.puglia.it/ckan/dataset/borse-di-studio-2021-22-studenti-idonei-e-beneficiari-distinti-per-richiesta-status-di-fuorisede,4,0.6666666666666666,ADISU Puglia su dati.puglia.it (microdati borse di studio),M
2021/22,ALTRO,Conservatorio G Paisiello di Taranto,primo anno,pendolare,https://dati.puglia.it/ckan/dataset/borse-di-studio-2021-22-studenti-idonei-e-beneficiari-distinti-per-richiesta-status-di-fuorisede,2,0.3333333333333333,ADISU Puglia su dati.puglia.it (microdati borse di studio),M
2021/22,ALTRO,Conservatorio N Piccinni di Bari,anni successivi,fuorisede,https://dati.puglia.it/ckan/dataset/borse-di-studio-2021-22-studenti-idonei-e-beneficiari-distinti-per-richiesta-status-di-fuorisede,13,0.2708333333333333,ADISU Puglia su dati.puglia.it (microdati borse di studio),M
2021/22,ALTRO,Conservatorio N Piccinni di Bari,anni successivi,in sede,https://dati.puglia.it/ckan/dataset/borse-di-studio-2021-22-studenti-idonei-e-beneficiari-distinti-per-richiesta-status-di-fuorisede,7,0.14583333333333334,ADISU Puglia su dati.puglia.it (microdati borse di studio),M
2021/22,ALTRO,Conservatorio N Piccinni di Bari,anni successivi,pendolare,https://dati.puglia.it/ckan/dataset/borse-di-studio-2021-22-studenti-idonei-e-beneficiari-distinti-per-richiesta-status-di-fuorisede,28,0.5833333333333334,ADISU Puglia su dati.puglia.it (microdati borse di studio),M
2021/22,ALTRO,Conservatorio N Piccinni di Bari,primo anno,fuorisede,https://dati.puglia.it/ckan/dataset/borse-di-studio-2021-22-studenti-idonei-e-beneficiari-distinti-per-richiesta-status-di-fuorisede,4,0.14285714285714285,ADISU Puglia su dati.puglia.it (microdati borse di studio),M
2021/22,ALTRO,Conservatorio N Piccinni di Bari,primo anno,in sede,https://dati.puglia.it/ckan/dataset/borse-di-studio-2021-22-studenti-idonei-e-beneficiari-distinti-per-richiesta-status-di-fuorisede,1,0.03571428571428571,ADISU Puglia su dati.puglia.it (microdati borse di studio),M
2021/22,ALTRO,Conservatorio N Piccinni di Bari,primo anno,pendolare,https://dati.puglia.it/ckan/dataset/borse-di-studio-2021-22-studenti-idonei-e-beneficiari-distinti-per-richiesta-status-di-fuorisede,23,0.8214285714285714,ADISU Puglia su dati.puglia.it (microdati borse di studio),M
2021/22,ALTRO,Conservatorio N Rota di Monopoli (BA),anni successivi,fuorisede,https://dati.puglia.it/ckan/dataset/borse-di-studio-2021-22-studenti-idonei-e-beneficiari-distinti-per-richiesta-status-di-fuorisede,6,0.2,ADISU Puglia su dati.puglia.it (microdati borse di studio),M
2021/22,ALTRO,Conservatorio N Rota di Monopoli (BA),anni successivi,in sede,https://dati.puglia.it/ckan/dataset/borse-di-studio-2021-22-studenti-idonei-e-beneficiari-distinti-per-richiesta-status-di-fuorisede,2,0.06666666666666667,ADISU Puglia su dati.puglia.it (microdati borse di studio),M
2021/22,ALTRO,Conservatorio N Rota di Monopoli (BA),anni successivi,pendolare,https://dati.puglia.it/ckan/dataset/borse-di-studio-2021-22-studenti-idonei-e-beneficiari-distinti-per-richiesta-status-di-fuorisede,22,0.7333333333333333,ADISU Puglia su dati.puglia.it (microdati borse di studio),M
2021/22,ALTRO,Conservatorio N Rota di Monopoli (BA),primo anno,fuorisede,https://dati.puglia.it/ckan/dataset/borse-di-studio-2021-22-studenti-idonei-e-beneficiari-distinti-per-richiesta-status-di-fuorisede,1,0.058823529411764705,ADISU Puglia su dati.puglia.it (microdati borse di studio),M
2021/22,ALTRO,Conservatorio N Rota di Monopoli (BA),primo anno,in sede,https://dati.puglia.it/ckan/dataset/borse-di-studio-2021-22-studenti-idonei-e-beneficiari-distinti-per-richiesta-status-di-fuorisede,4,0.23529411764705882,ADISU Puglia su dati.puglia.it (microdati borse di studio),M
2021/22,ALTRO,Conservatorio N Rota di Monopoli (BA),primo anno,pendolare,https://dati.puglia.it/ckan/dataset/borse-di-studio-2021-22-studenti-idonei-e-beneficiari-distinti-per-richiesta-status-di-fuorisede,12,0.7058823529411765,ADISU Puglia su dati.puglia.it (microdati borse di studio),M
2021/22,ALTRO,Conservatorio T Schipa di Lecce,anni successivi,fuorisede,https://dati.puglia.it/ckan/dataset/borse-di-studio-2021-22-studenti-idonei-e-beneficiari-distinti-per-richiesta-status-di-fuorisede,2,0.05555555555555555,ADISU Puglia su dati.puglia.it (microdati borse di studio),M
2021/22,ALTRO,Conservatorio T Schipa di Lecce,anni successivi,pendolare,https://dati.puglia.it/ckan/dataset/borse-di-studio-2021-22-studenti-idonei-e-beneficiari-distinti-per-richiesta-status-di-fuorisede,34,0.9444444444444444,ADISU Puglia su dati.puglia.it (microdati borse di studio),M
2021/22,ALTRO,Conservatorio T Schipa di Lecce,primo anno,in sede,https://dati.puglia.it/ckan/dataset/borse-di-studio-2021-22-studenti-idonei-e-beneficiari-distinti-per-richiesta-status-di-fuorisede,1,0.07692307692307693,ADISU Puglia su dati.puglia.it (microdati borse di studio),M
2021/22,ALTRO,Conservatorio T Schipa di Lecce,primo anno,pendolare,https://dati.puglia.it/ckan/dataset/borse-di-studio-2021-22-studenti-idonei-e-beneficiari-distinti-per-richiesta-status-di-fuorisede,12,0.9230769230769231,ADISU Puglia su dati.puglia.it (microdati borse di studio),M
2021/22,ALTRO,Conservatorio U Giordano di Foggia,anni successivi,fuorisede,https://dati.puglia.it/ckan/dataset/borse-di-studio-2021-22-studenti-idonei-e-beneficiari-distinti-per-richiesta-status-di-fuorisede,5,0.078125,ADISU Puglia su dati.puglia.it (microdati borse di studio),M
2021/22,ALTRO,Conservatorio U Giordano di Foggia,anni successivi,in sede,https://dati.puglia.it/ckan/dataset/borse-di-studio-2021-22-studenti-idonei-e-beneficiari-distinti-per-richiesta-status-di-fuorisede,13,0.203125,ADISU Puglia su dati.puglia.it (microdati borse di studio),M
2021/22,ALTRO,Conservatorio U Giordano di Foggia,anni successivi,pendolare,https://dati.puglia.it/ckan/dataset/borse-di-studio-2021-22-studenti-idonei-e-beneficiari-distinti-per-richiesta-status-di-fuorisede,46,0.71875,ADISU Puglia su dati.puglia.it (microdati borse di studio),M
2021/22,ALTRO,Conservatorio U Giordano di Foggia,primo anno,in sede,https://dati.puglia.it/ckan/dataset/borse-di-studio-2021-22-studenti-idonei-e-beneficiari-distinti-per-richiesta-status-di-fuorisede,2,0.09523809523809523,ADISU Puglia su dati.puglia.it (microdati borse di studio),M
2021/22,ALTRO,Conservatorio U Giordano di Foggia,primo anno,pendolare,https://dati.puglia.it/ckan/dataset/borse-di-studio-2021-22-studenti-idonei-e-beneficiari-distinti-per-richiesta-status-di-fuorisede,19,0.9047619047619048,ADISU Puglia su dati.puglia.it (microdati borse di studio),M
2021/22,LUM,Libera Università Mediterranea Giuseppe Degennaro,anni successivi,fuorisede,https://dati.puglia.it/ckan/dataset/borse-di-studio-2021-22-studenti-idonei-e-beneficiari-distinti-per-richiesta-status-di-fuorisede,6,0.0967741935483871,ADISU Puglia su dati.puglia.it (microdati borse di studio),M
2021/22,LUM,Libera Università Mediterranea Giuseppe Degennaro,anni successivi,pendolare,https://dati.puglia.it/ckan/dataset/borse-di-studio-2021-22-studenti-idonei-e-beneficiari-distinti-per-richiesta-status-di-fuorisede,56,0.9032258064516129,ADISU Puglia su dati.puglia.it (microdati borse di studio),M
2021/22,LUM,Libera Università Mediterranea Giuseppe Degennaro,primo anno,fuorisede,https://dati.puglia.it/ckan/dataset/borse-di-studio-2021-22-studenti-idonei-e-beneficiari-distinti-per-richiesta-status-di-fuorisede,3,0.0625,ADISU Puglia su dati.puglia.it (microdati borse di studio),M
2021/22,LUM,Libera Università Mediterranea Giuseppe Degennaro,primo anno,in sede,https://dati.puglia.it/ckan/dataset/borse-di-studio-2021-22-studenti-idonei-e-beneficiari-distinti-per-richiesta-status-di-fuorisede,3,0.0625,ADISU Puglia su dati.puglia.it (microdati borse di studio),M
2021/22,LUM,Libera Università Mediterranea Giuseppe Degennaro,primo anno,pendolare,https://dati.puglia.it/ckan/dataset/borse-di-studio-2021-22-studenti-idonei-e-beneficiari-distinti-per-richiesta-status-di-fuorisede,42,0.875,ADISU Puglia su dati.puglia.it (microdati borse di studio),M
2021/22,POLIBA,Politecnico di Bari,anni successivi,fuorisede,https://dati.puglia.it/ckan/dataset/borse-di-studio-2021-22-studenti-idonei-e-beneficiari-distinti-per-richiesta-status-di-fuorisede,327,0.2740989103101425,ADISU Puglia su dati.puglia.it (microdati borse di studio),M
2021/22,POLIBA,Politecnico di Bari,anni successivi,in sede,https://dati.puglia.it/ckan/dataset/borse-di-studio-2021-22-studenti-idonei-e-beneficiari-distinti-per-richiesta-status-di-fuorisede,136,0.11399832355406538,ADISU Puglia su dati.puglia.it (microdati borse di studio),M
2021/22,POLIBA,Politecnico di Bari,anni successivi,pendolare,https://dati.puglia.it/ckan/dataset/borse-di-studio-2021-22-studenti-idonei-e-beneficiari-distinti-per-richiesta-status-di-fuorisede,730,0.6119027661357921,ADISU Puglia su dati.puglia.it (microdati borse di studio),M
2021/22,POLIBA,Politecnico di Bari,primo anno,fuorisede,https://dati.puglia.it/ckan/dataset/borse-di-studio-2021-22-studenti-idonei-e-beneficiari-distinti-per-richiesta-status-di-fuorisede,211,0.2878581173260573,ADISU Puglia su dati.puglia.it (microdati borse di studio),M
2021/22,POLIBA,Politecnico di Bari,primo anno,in sede,https://dati.puglia.it/ckan/dataset/borse-di-studio-2021-22-studenti-idonei-e-beneficiari-distinti-per-richiesta-status-di-fuorisede,67,0.09140518417462483,ADISU Puglia su dati.puglia.it (microdati borse di studio),M
2021/22,POLIBA,Politecnico di Bari,primo anno,pendolare,https://dati.puglia.it/ckan/dataset/borse-di-studio-2021-22-studenti-idonei-e-beneficiari-distinti-per-richiesta-status-di-fuorisede,455,0.6207366984993179,ADISU Puglia su dati.puglia.it (microdati borse di studio),M
2021/22,UNIBA,Università degli Studi di Bari Aldo Moro,anni successivi,fuorisede,https://dati.puglia.it/ckan/dataset/borse-di-studio-2021-22-studenti-idonei-e-beneficiari-distinti-per-richiesta-status-di-fuorisede,1150,0.21772056039379023,ADISU Puglia su dati.puglia.it (microdati borse di studio),M
2021/22,UNIBA,Università degli Studi di Bari Aldo Moro,anni successivi,in sede,https://dati.puglia.it/ckan/dataset/borse-di-studio-2021-22-studenti-idonei-e-beneficiari-distinti-per-richiesta-status-di-fuorisede,673,0.12741385838697464,ADISU Puglia su dati.puglia.it (microdati borse di studio),M
2021/22,UNIBA,Università degli Studi di Bari Aldo Moro,anni successivi,pendolare,https://dati.puglia.it/ckan/dataset/borse-di-studio-2021-22-studenti-idonei-e-beneficiari-distinti-per-richiesta-status-di-fuorisede,3459,0.6548655812192351,ADISU Puglia su dati.puglia.it (microdati borse di studio),M
2021/22,UNIBA,Università degli Studi di Bari Aldo Moro,primo anno,fuorisede,https://dati.puglia.it/ckan/dataset/borse-di-studio-2021-22-studenti-idonei-e-beneficiari-distinti-per-richiesta-status-di-fuorisede,480,0.15080113100848255,ADISU Puglia su dati.puglia.it (microdati borse di studio),M
2021/22,UNIBA,Università degli Studi di Bari Aldo Moro,primo anno,in sede,https://dati.puglia.it/ckan/dataset/borse-di-studio-2021-22-studenti-idonei-e-beneficiari-distinti-per-richiesta-status-di-fuorisede,388,0.1218975808985234,ADISU Puglia su dati.puglia.it (microdati borse di studio),M
2021/22,UNIBA,Università degli Studi di Bari Aldo Moro,primo anno,pendolare,https://dati.puglia.it/ckan/dataset/borse-di-studio-2021-22-studenti-idonei-e-beneficiari-distinti-per-richiesta-status-di-fuorisede,2315,0.727301288092994,ADISU Puglia su dati.puglia.it (microdati borse di studio),M
2021/22,UNIFG,Università degli Studi di Foggia,anni successivi,fuorisede,https://dati.puglia.it/ckan/dataset/borse-di-studio-2021-22-studenti-idonei-e-beneficiari-distinti-per-richiesta-status-di-fuorisede,152,0.07491375061606703,ADISU Puglia su dati.puglia.it (microdati borse di studio),M
2021/22,UNIFG,Università degli Studi di Foggia,anni successivi,in sede,https://dati.puglia.it/ckan/dataset/borse-di-studio-2021-22-studenti-idonei-e-beneficiari-distinti-per-richiesta-status-di-fuorisede,451,0.22227698373583046,ADISU Puglia su dati.puglia.it (microdati borse di studio),M
2021/22,UNIFG,Università degli Studi di Foggia,anni successivi,pendolare,https://dati.puglia.it/ckan/dataset/borse-di-studio-2021-22-studenti-idonei-e-beneficiari-distinti-per-richiesta-status-di-fuorisede,1426,0.7028092656481025,ADISU Puglia su dati.puglia.it (microdati borse di studio),M
2021/22,UNIFG,Università degli Studi di Foggia,primo anno,fuorisede,https://dati.puglia.it/ckan/dataset/borse-di-studio-2021-22-studenti-idonei-e-beneficiari-distinti-per-richiesta-status-di-fuorisede,52,0.04896421845574388,ADISU Puglia su dati.puglia.it (microdati borse di studio),M
2021/22,UNIFG,Università degli Studi di Foggia,primo anno,in sede,https://dati.puglia.it/ckan/dataset/borse-di-studio-2021-22-studenti-idonei-e-beneficiari-distinti-per-richiesta-status-di-fuorisede,214,0.2015065913370998,ADISU Puglia su dati.puglia.it (microdati borse di studio),M
2021/22,UNIFG,Università degli Studi di Foggia,primo anno,pendolare,https://dati.puglia.it/ckan/dataset/borse-di-studio-2021-22-studenti-idonei-e-beneficiari-distinti-per-richiesta-status-di-fuorisede,796,0.7495291902071564,ADISU Puglia su dati.puglia.it (microdati borse di studio),M
2021/22,UNISALENTO,Università del Salento,anni successivi,fuorisede,https://dati.puglia.it/ckan/dataset/borse-di-studio-2021-22-studenti-idonei-e-beneficiari-distinti-per-richiesta-status-di-fuorisede,474,0.1669601972525537,ADISU Puglia su dati.puglia.it (microdati borse di studio),M
2021/22,UNISALENTO,Università del Salento,anni successivi,in sede,https://dati.puglia.it/ckan/dataset/borse-di-studio-2021-22-studenti-idonei-e-beneficiari-distinti-per-richiesta-status-di-fuorisede,198,0.06974286720676294,ADISU Puglia su dati.puglia.it (microdati borse di studio),M
2021/22,UNISALENTO,Università del Salento,anni successivi,pendolare,https://dati.puglia.it/ckan/dataset/borse-di-studio-2021-22-studenti-idonei-e-beneficiari-distinti-per-richiesta-status-di-fuorisede,2167,0.7632969355406833,ADISU Puglia su dati.puglia.it (microdati borse di studio),M
2021/22,UNISALENTO,Università del Salento,primo anno,fuorisede,https://dati.puglia.it/ckan/dataset/borse-di-studio-2021-22-studenti-idonei-e-beneficiari-distinti-per-richiesta-status-di-fuorisede,262,0.14962878355225587,ADISU Puglia su dati.puglia.it (microdati borse di studio),M
2021/22,UNISALENTO,Università del Salento,primo anno,in sede,https://dati.puglia.it/ckan/dataset/borse-di-studio-2021-22-studenti-idonei-e-beneficiari-distinti-per-richiesta-status-di-fuorisede,119,0.06796116504854369,ADISU Puglia su dati.puglia.it (microdati borse di studio),M
2021/22,UNISALENTO,Università del Salento,primo anno,pendolare,https://dati.puglia.it/ckan/dataset/borse-di-studio-2021-22-studenti-idonei-e-beneficiari-distinti-per-richiesta-status-di-fuorisede,1370,0.7824100513992005,ADISU Puglia su dati.puglia.it (microdati borse di studio),M
2022/23,ALTRO,Accademia di Belle Arti di Bari,anni successivi,fuorisede,https://dati.puglia.it/ckan/dataset/borse-di-studio-2022-23-studenti-idonei-e-beneficiari-distinti-per-richiesta-status-di-fuorisede,48,0.24615384615384617,ADISU Puglia su dati.puglia.it (microdati borse di studio),M
2022/23,ALTRO,Accademia di Belle Arti di Bari,anni successivi,in sede,https://dati.puglia.it/ckan/dataset/borse-di-studio-2022-23-studenti-idonei-e-beneficiari-distinti-per-richiesta-status-di-fuorisede,28,0.14358974358974358,ADISU Puglia su dati.puglia.it (microdati borse di studio),M
2022/23,ALTRO,Accademia di Belle Arti di Bari,anni successivi,pendolare,https://dati.puglia.it/ckan/dataset/borse-di-studio-2022-23-studenti-idonei-e-beneficiari-distinti-per-richiesta-status-di-fuorisede,119,0.6102564102564103,ADISU Puglia su dati.puglia.it (microdati borse di studio),M
2022/23,ALTRO,Accademia di Belle Arti di Bari,primo anno,fuorisede,https://dati.puglia.it/ckan/dataset/borse-di-studio-2022-23-studenti-idonei-e-beneficiari-distinti-per-richiesta-status-di-fuorisede,16,0.1927710843373494,ADISU Puglia su dati.puglia.it (microdati borse di studio),M
2022/23,ALTRO,Accademia di Belle Arti di Bari,primo anno,in sede,https://dati.puglia.it/ckan/dataset/borse-di-studio-2022-23-studenti-idonei-e-beneficiari-distinti-per-richiesta-status-di-fuorisede,6,0.07228915662650602,ADISU Puglia su dati.puglia.it (microdati borse di studio),M
2022/23,ALTRO,Accademia di Belle Arti di Bari,primo anno,pendolare,https://dati.puglia.it/ckan/dataset/borse-di-studio-2022-23-studenti-idonei-e-beneficiari-distinti-per-richiesta-status-di-fuorisede,61,0.7349397590361446,ADISU Puglia su dati.puglia.it (microdati borse di studio),M
2022/23,ALTRO,Accademia di Belle Arti di Foggia,anni successivi,fuorisede,https://dati.puglia.it/ckan/dataset/borse-di-studio-2022-23-studenti-idonei-e-beneficiari-distinti-per-richiesta-status-di-fuorisede,17,0.09883720930232558,ADISU Puglia su dati.puglia.it (microdati borse di studio),M
2022/23,ALTRO,Accademia di Belle Arti di Foggia,anni successivi,in sede,https://dati.puglia.it/ckan/dataset/borse-di-studio-2022-23-studenti-idonei-e-beneficiari-distinti-per-richiesta-status-di-fuorisede,22,0.12790697674418605,ADISU Puglia su dati.puglia.it (microdati borse di studio),M
2022/23,ALTRO,Accademia di Belle Arti di Foggia,anni successivi,pendolare,https://dati.puglia.it/ckan/dataset/borse-di-studio-2022-23-studenti-idonei-e-beneficiari-distinti-per-richiesta-status-di-fuorisede,133,0.7732558139534884,ADISU Puglia su dati.puglia.it (microdati borse di studio),M
2022/23,ALTRO,Accademia di Belle Arti di Foggia,primo anno,fuorisede,https://dati.puglia.it/ckan/dataset/borse-di-studio-2022-23-studenti-idonei-e-beneficiari-distinti-per-richiesta-status-di-fuorisede,9,0.13846153846153847,ADISU Puglia su dati.puglia.it (microdati borse di studio),M
2022/23,ALTRO,Accademia di Belle Arti di Foggia,primo anno,in sede,https://dati.puglia.it/ckan/dataset/borse-di-studio-2022-23-studenti-idonei-e-beneficiari-distinti-per-richiesta-status-di-fuorisede,16,0.24615384615384617,ADISU Puglia su dati.puglia.it (microdati borse di studio),M
2022/23,ALTRO,Accademia di Belle Arti di Foggia,primo anno,pendolare,https://dati.puglia.it/ckan/dataset/borse-di-studio-2022-23-studenti-idonei-e-beneficiari-distinti-per-richiesta-status-di-fuorisede,40,0.6153846153846154,ADISU Puglia su dati.puglia.it (microdati borse di studio),M
2022/23,ALTRO,Accademia di Belle Arti di Lecce,anni successivi,fuorisede,https://dati.puglia.it/ckan/dataset/borse-di-studio-2022-23-studenti-idonei-e-beneficiari-distinti-per-richiesta-status-di-fuorisede,37,0.32456140350877194,ADISU Puglia su dati.puglia.it (microdati borse di studio),M
2022/23,ALTRO,Accademia di Belle Arti di Lecce,anni successivi,in sede,https://dati.puglia.it/ckan/dataset/borse-di-studio-2022-23-studenti-idonei-e-beneficiari-distinti-per-richiesta-status-di-fuorisede,4,0.03508771929824561,ADISU Puglia su dati.puglia.it (microdati borse di studio),M
2022/23,ALTRO,Accademia di Belle Arti di Lecce,anni successivi,pendolare,https://dati.puglia.it/ckan/dataset/borse-di-studio-2022-23-studenti-idonei-e-beneficiari-distinti-per-richiesta-status-di-fuorisede,73,0.6403508771929824,ADISU Puglia su dati.puglia.it (microdati borse di studio),M
2022/23,ALTRO,Accademia di Belle Arti di Lecce,primo anno,fuorisede,https://dati.puglia.it/ckan/dataset/borse-di-studio-2022-23-studenti-idonei-e-beneficiari-distinti-per-richiesta-status-di-fuorisede,21,0.22826086956521738,ADISU Puglia su dati.puglia.it (microdati borse di studio),M
2022/23,ALTRO,Accademia di Belle Arti di Lecce,primo anno,in sede,https://dati.puglia.it/ckan/dataset/borse-di-studio-2022-23-studenti-idonei-e-beneficiari-distinti-per-richiesta-status-di-fuorisede,2,0.021739130434782608,ADISU Puglia su dati.puglia.it (microdati borse di studio),M
2022/23,ALTRO,Accademia di Belle Arti di Lecce,primo anno,pendolare,https://dati.puglia.it/ckan/dataset/borse-di-studio-2022-23-studenti-idonei-e-beneficiari-distinti-per-richiesta-status-di-fuorisede,69,0.75,ADISU Puglia su dati.puglia.it (microdati borse di studio),M
2022/23,ALTRO,Conservatorio G Paisiello di Taranto,anni successivi,in sede,https://dati.puglia.it/ckan/dataset/borse-di-studio-2022-23-studenti-idonei-e-beneficiari-distinti-per-richiesta-status-di-fuorisede,12,0.6666666666666666,ADISU Puglia su dati.puglia.it (microdati borse di studio),M
2022/23,ALTRO,Conservatorio G Paisiello di Taranto,anni successivi,pendolare,https://dati.puglia.it/ckan/dataset/borse-di-studio-2022-23-studenti-idonei-e-beneficiari-distinti-per-richiesta-status-di-fuorisede,6,0.3333333333333333,ADISU Puglia su dati.puglia.it (microdati borse di studio),M
2022/23,ALTRO,Conservatorio G Paisiello di Taranto,primo anno,in sede,https://dati.puglia.it/ckan/dataset/borse-di-studio-2022-23-studenti-idonei-e-beneficiari-distinti-per-richiesta-status-di-fuorisede,5,0.625,ADISU Puglia su dati.puglia.it (microdati borse di studio),M
2022/23,ALTRO,Conservatorio G Paisiello di Taranto,primo anno,pendolare,https://dati.puglia.it/ckan/dataset/borse-di-studio-2022-23-studenti-idonei-e-beneficiari-distinti-per-richiesta-status-di-fuorisede,3,0.375,ADISU Puglia su dati.puglia.it (microdati borse di studio),M
2022/23,ALTRO,Conservatorio N Piccinni di Bari,anni successivi,fuorisede,https://dati.puglia.it/ckan/dataset/borse-di-studio-2022-23-studenti-idonei-e-beneficiari-distinti-per-richiesta-status-di-fuorisede,9,0.16666666666666666,ADISU Puglia su dati.puglia.it (microdati borse di studio),M
2022/23,ALTRO,Conservatorio N Piccinni di Bari,anni successivi,in sede,https://dati.puglia.it/ckan/dataset/borse-di-studio-2022-23-studenti-idonei-e-beneficiari-distinti-per-richiesta-status-di-fuorisede,8,0.14814814814814814,ADISU Puglia su dati.puglia.it (microdati borse di studio),M
2022/23,ALTRO,Conservatorio N Piccinni di Bari,anni successivi,pendolare,https://dati.puglia.it/ckan/dataset/borse-di-studio-2022-23-studenti-idonei-e-beneficiari-distinti-per-richiesta-status-di-fuorisede,37,0.6851851851851852,ADISU Puglia su dati.puglia.it (microdati borse di studio),M
2022/23,ALTRO,Conservatorio N Piccinni di Bari,primo anno,fuorisede,https://dati.puglia.it/ckan/dataset/borse-di-studio-2022-23-studenti-idonei-e-beneficiari-distinti-per-richiesta-status-di-fuorisede,4,0.14814814814814814,ADISU Puglia su dati.puglia.it (microdati borse di studio),M
2022/23,ALTRO,Conservatorio N Piccinni di Bari,primo anno,in sede,https://dati.puglia.it/ckan/dataset/borse-di-studio-2022-23-studenti-idonei-e-beneficiari-distinti-per-richiesta-status-di-fuorisede,1,0.037037037037037035,ADISU Puglia su dati.puglia.it (microdati borse di studio),M
2022/23,ALTRO,Conservatorio N Piccinni di Bari,primo anno,pendolare,https://dati.puglia.it/ckan/dataset/borse-di-studio-2022-23-studenti-idonei-e-beneficiari-distinti-per-richiesta-status-di-fuorisede,22,0.8148148148148148,ADISU Puglia su dati.puglia.it (microdati borse di studio),M
2022/23,ALTRO,Conservatorio N Rota di Monopoli (BA),anni successivi,fuorisede,https://dati.puglia.it/ckan/dataset/borse-di-studio-2022-23-studenti-idonei-e-beneficiari-distinti-per-richiesta-status-di-fuorisede,7,0.21212121212121213,ADISU Puglia su dati.puglia.it (microdati borse di studio),M
2022/23,ALTRO,Conservatorio N Rota di Monopoli (BA),anni successivi,in sede,https://dati.puglia.it/ckan/dataset/borse-di-studio-2022-23-studenti-idonei-e-beneficiari-distinti-per-richiesta-status-di-fuorisede,3,0.09090909090909091,ADISU Puglia su dati.puglia.it (microdati borse di studio),M
2022/23,ALTRO,Conservatorio N Rota di Monopoli (BA),anni successivi,pendolare,https://dati.puglia.it/ckan/dataset/borse-di-studio-2022-23-studenti-idonei-e-beneficiari-distinti-per-richiesta-status-di-fuorisede,23,0.696969696969697,ADISU Puglia su dati.puglia.it (microdati borse di studio),M
2022/23,ALTRO,Conservatorio N Rota di Monopoli (BA),primo anno,fuorisede,https://dati.puglia.it/ckan/dataset/borse-di-studio-2022-23-studenti-idonei-e-beneficiari-distinti-per-richiesta-status-di-fuorisede,5,0.2,ADISU Puglia su dati.puglia.it (microdati borse di studio),M
2022/23,ALTRO,Conservatorio N Rota di Monopoli (BA),primo anno,in sede,https://dati.puglia.it/ckan/dataset/borse-di-studio-2022-23-studenti-idonei-e-beneficiari-distinti-per-richiesta-status-di-fuorisede,2,0.08,ADISU Puglia su dati.puglia.it (microdati borse di studio),M
2022/23,ALTRO,Conservatorio N Rota di Monopoli (BA),primo anno,pendolare,https://dati.puglia.it/ckan/dataset/borse-di-studio-2022-23-studenti-idonei-e-beneficiari-distinti-per-richiesta-status-di-fuorisede,18,0.72,ADISU Puglia su dati.puglia.it (microdati borse di studio),M
2022/23,ALTRO,Conservatorio T Schipa di Lecce,anni successivi,fuorisede,https://dati.puglia.it/ckan/dataset/borse-di-studio-2022-23-studenti-idonei-e-beneficiari-distinti-per-richiesta-status-di-fuorisede,2,0.07407407407407407,ADISU Puglia su dati.puglia.it (microdati borse di studio),M
2022/23,ALTRO,Conservatorio T Schipa di Lecce,anni successivi,pendolare,https://dati.puglia.it/ckan/dataset/borse-di-studio-2022-23-studenti-idonei-e-beneficiari-distinti-per-richiesta-status-di-fuorisede,25,0.9259259259259259,ADISU Puglia su dati.puglia.it (microdati borse di studio),M
2022/23,ALTRO,Conservatorio T Schipa di Lecce,primo anno,fuorisede,https://dati.puglia.it/ckan/dataset/borse-di-studio-2022-23-studenti-idonei-e-beneficiari-distinti-per-richiesta-status-di-fuorisede,3,0.16666666666666666,ADISU Puglia su dati.puglia.it (microdati borse di studio),M
2022/23,ALTRO,Conservatorio T Schipa di Lecce,primo anno,in sede,https://dati.puglia.it/ckan/dataset/borse-di-studio-2022-23-studenti-idonei-e-beneficiari-distinti-per-richiesta-status-di-fuorisede,1,0.05555555555555555,ADISU Puglia su dati.puglia.it (microdati borse di studio),M
2022/23,ALTRO,Conservatorio T Schipa di Lecce,primo anno,pendolare,https://dati.puglia.it/ckan/dataset/borse-di-studio-2022-23-studenti-idonei-e-beneficiari-distinti-per-richiesta-status-di-fuorisede,14,0.7777777777777778,ADISU Puglia su dati.puglia.it (microdati borse di studio),M
2022/23,ALTRO,Conservatorio U Giordano di Foggia,anni successivi,fuorisede,https://dati.puglia.it/ckan/dataset/borse-di-studio-2022-23-studenti-idonei-e-beneficiari-distinti-per-richiesta-status-di-fuorisede,1,0.021739130434782608,ADISU Puglia su dati.puglia.it (microdati borse di studio),M
2022/23,ALTRO,Conservatorio U Giordano di Foggia,anni successivi,in sede,https://dati.puglia.it/ckan/dataset/borse-di-studio-2022-23-studenti-idonei-e-beneficiari-distinti-per-richiesta-status-di-fuorisede,12,0.2608695652173913,ADISU Puglia su dati.puglia.it (microdati borse di studio),M
2022/23,ALTRO,Conservatorio U Giordano di Foggia,anni successivi,pendolare,https://dati.puglia.it/ckan/dataset/borse-di-studio-2022-23-studenti-idonei-e-beneficiari-distinti-per-richiesta-status-di-fuorisede,33,0.717391304347826,ADISU Puglia su dati.puglia.it (microdati borse di studio),M
2022/23,ALTRO,Conservatorio U Giordano di Foggia,primo anno,fuorisede,https://dati.puglia.it/ckan/dataset/borse-di-studio-2022-23-studenti-idonei-e-beneficiari-distinti-per-richiesta-status-di-fuorisede,3,0.08571428571428572,ADISU Puglia su dati.puglia.it (microdati borse di studio),M
2022/23,ALTRO,Conservatorio U Giordano di Foggia,primo anno,in sede,https://dati.puglia.it/ckan/dataset/borse-di-studio-2022-23-studenti-idonei-e-beneficiari-distinti-per-richiesta-status-di-fuorisede,9,0.2571428571428571,ADISU Puglia su dati.puglia.it (microdati borse di studio),M
2022/23,ALTRO,Conservatorio U Giordano di Foggia,primo anno,pendolare,https://dati.puglia.it/ckan/dataset/borse-di-studio-2022-23-studenti-idonei-e-beneficiari-distinti-per-richiesta-status-di-fuorisede,23,0.6571428571428571,ADISU Puglia su dati.puglia.it (microdati borse di studio),M
2022/23,ALTRO,Istituto Universitario Bona Sforza,primo anno,fuorisede,https://dati.puglia.it/ckan/dataset/borse-di-studio-2022-23-studenti-idonei-e-beneficiari-distinti-per-richiesta-status-di-fuorisede,1,0.125,ADISU Puglia su dati.puglia.it (microdati borse di studio),M
2022/23,ALTRO,Istituto Universitario Bona Sforza,primo anno,in sede,https://dati.puglia.it/ckan/dataset/borse-di-studio-2022-23-studenti-idonei-e-beneficiari-distinti-per-richiesta-status-di-fuorisede,2,0.25,ADISU Puglia su dati.puglia.it (microdati borse di studio),M
2022/23,ALTRO,Istituto Universitario Bona Sforza,primo anno,pendolare,https://dati.puglia.it/ckan/dataset/borse-di-studio-2022-23-studenti-idonei-e-beneficiari-distinti-per-richiesta-status-di-fuorisede,5,0.625,ADISU Puglia su dati.puglia.it (microdati borse di studio),M
2022/23,LUM,Libera Università Mediterranea Giuseppe Degennaro,anni successivi,fuorisede,https://dati.puglia.it/ckan/dataset/borse-di-studio-2022-23-studenti-idonei-e-beneficiari-distinti-per-richiesta-status-di-fuorisede,8,0.14285714285714285,ADISU Puglia su dati.puglia.it (microdati borse di studio),M
2022/23,LUM,Libera Università Mediterranea Giuseppe Degennaro,anni successivi,in sede,https://dati.puglia.it/ckan/dataset/borse-di-studio-2022-23-studenti-idonei-e-beneficiari-distinti-per-richiesta-status-di-fuorisede,1,0.017857142857142856,ADISU Puglia su dati.puglia.it (microdati borse di studio),M
2022/23,LUM,Libera Università Mediterranea Giuseppe Degennaro,anni successivi,pendolare,https://dati.puglia.it/ckan/dataset/borse-di-studio-2022-23-studenti-idonei-e-beneficiari-distinti-per-richiesta-status-di-fuorisede,47,0.8392857142857143,ADISU Puglia su dati.puglia.it (microdati borse di studio),M
2022/23,LUM,Libera Università Mediterranea Giuseppe Degennaro,primo anno,fuorisede,https://dati.puglia.it/ckan/dataset/borse-di-studio-2022-23-studenti-idonei-e-beneficiari-distinti-per-richiesta-status-di-fuorisede,13,0.16883116883116883,ADISU Puglia su dati.puglia.it (microdati borse di studio),M
2022/23,LUM,Libera Università Mediterranea Giuseppe Degennaro,primo anno,in sede,https://dati.puglia.it/ckan/dataset/borse-di-studio-2022-23-studenti-idonei-e-beneficiari-distinti-per-richiesta-status-di-fuorisede,2,0.025974025974025976,ADISU Puglia su dati.puglia.it (microdati borse di studio),M
2022/23,LUM,Libera Università Mediterranea Giuseppe Degennaro,primo anno,pendolare,https://dati.puglia.it/ckan/dataset/borse-di-studio-2022-23-studenti-idonei-e-beneficiari-distinti-per-richiesta-status-di-fuorisede,62,0.8051948051948052,ADISU Puglia su dati.puglia.it (microdati borse di studio),M
2022/23,POLIBA,Politecnico di Bari,anni successivi,fuorisede,https://dati.puglia.it/ckan/dataset/borse-di-studio-2022-23-studenti-idonei-e-beneficiari-distinti-per-richiesta-status-di-fuorisede,399,0.3439655172413793,ADISU Puglia su dati.puglia.it (microdati borse di studio),M
2022/23,POLIBA,Politecnico di Bari,anni successivi,in sede,https://dati.puglia.it/ckan/dataset/borse-di-studio-2022-23-studenti-idonei-e-beneficiari-distinti-per-richiesta-status-di-fuorisede,123,0.1060344827586207,ADISU Puglia su dati.puglia.it (microdati borse di studio),M
2022/23,POLIBA,Politecnico di Bari,anni successivi,pendolare,https://dati.puglia.it/ckan/dataset/borse-di-studio-2022-23-studenti-idonei-e-beneficiari-distinti-per-richiesta-status-di-fuorisede,638,0.55,ADISU Puglia su dati.puglia.it (microdati borse di studio),M
2022/23,POLIBA,Politecnico di Bari,primo anno,fuorisede,https://dati.puglia.it/ckan/dataset/borse-di-studio-2022-23-studenti-idonei-e-beneficiari-distinti-per-richiesta-status-di-fuorisede,224,0.32045779685264664,ADISU Puglia su dati.puglia.it (microdati borse di studio),M
2022/23,POLIBA,Politecnico di Bari,primo anno,in sede,https://dati.puglia.it/ckan/dataset/borse-di-studio-2022-23-studenti-idonei-e-beneficiari-distinti-per-richiesta-status-di-fuorisede,69,0.09871244635193133,ADISU Puglia su dati.puglia.it (microdati borse di studio),M
2022/23,POLIBA,Politecnico di Bari,primo anno,pendolare,https://dati.puglia.it/ckan/dataset/borse-di-studio-2022-23-studenti-idonei-e-beneficiari-distinti-per-richiesta-status-di-fuorisede,406,0.580829756795422,ADISU Puglia su dati.puglia.it (microdati borse di studio),M
2022/23,UNIBA,Università degli Studi di Bari Aldo Moro,anni successivi,fuorisede,https://dati.puglia.it/ckan/dataset/borse-di-studio-2022-23-studenti-idonei-e-beneficiari-distinti-per-richiesta-status-di-fuorisede,1181,0.2440082644628099,ADISU Puglia su dati.puglia.it (microdati borse di studio),M
2022/23,UNIBA,Università degli Studi di Bari Aldo Moro,anni successivi,in sede,https://dati.puglia.it/ckan/dataset/borse-di-studio-2022-23-studenti-idonei-e-beneficiari-distinti-per-richiesta-status-di-fuorisede,644,0.13305785123966943,ADISU Puglia su dati.puglia.it (microdati borse di studio),M
2022/23,UNIBA,Università degli Studi di Bari Aldo Moro,anni successivi,pendolare,https://dati.puglia.it/ckan/dataset/borse-di-studio-2022-23-studenti-idonei-e-beneficiari-distinti-per-richiesta-status-di-fuorisede,3015,0.6229338842975206,ADISU Puglia su dati.puglia.it (microdati borse di studio),M
2022/23,UNIBA,Università degli Studi di Bari Aldo Moro,primo anno,fuorisede,https://dati.puglia.it/ckan/dataset/borse-di-studio-2022-23-studenti-idonei-e-beneficiari-distinti-per-richiesta-status-di-fuorisede,594,0.18779639582674676,ADISU Puglia su dati.puglia.it (microdati borse di studio),M
2022/23,UNIBA,Università degli Studi di Bari Aldo Moro,primo anno,in sede,https://dati.puglia.it/ckan/dataset/borse-di-studio-2022-23-studenti-idonei-e-beneficiari-distinti-per-richiesta-status-di-fuorisede,370,0.11697755295605437,ADISU Puglia su dati.puglia.it (microdati borse di studio),M
2022/23,UNIBA,Università degli Studi di Bari Aldo Moro,primo anno,pendolare,https://dati.puglia.it/ckan/dataset/borse-di-studio-2022-23-studenti-idonei-e-beneficiari-distinti-per-richiesta-status-di-fuorisede,2199,0.6952260512171988,ADISU Puglia su dati.puglia.it (microdati borse di studio),M
2022/23,UNIFG,Università degli Studi di Foggia,anni successivi,fuorisede,https://dati.puglia.it/ckan/dataset/borse-di-studio-2022-23-studenti-idonei-e-beneficiari-distinti-per-richiesta-status-di-fuorisede,182,0.08762638420799229,ADISU Puglia su dati.puglia.it (microdati borse di studio),M
2022/23,UNIFG,Università degli Studi di Foggia,anni successivi,in sede,https://dati.puglia.it/ckan/dataset/borse-di-studio-2022-23-studenti-idonei-e-beneficiari-distinti-per-richiesta-status-di-fuorisede,489,0.2354357246027925,ADISU Puglia su dati.puglia.it (microdati borse di studio),M
2022/23,UNIFG,Università degli Studi di Foggia,anni successivi,pendolare,https://dati.puglia.it/ckan/dataset/borse-di-studio-2022-23-studenti-idonei-e-beneficiari-distinti-per-richiesta-status-di-fuorisede,1406,0.6769378911892152,ADISU Puglia su dati.puglia.it (microdati borse di studio),M
2022/23,UNIFG,Università degli Studi di Foggia,primo anno,fuorisede,https://dati.puglia.it/ckan/dataset/borse-di-studio-2022-23-studenti-idonei-e-beneficiari-distinti-per-richiesta-status-di-fuorisede,62,0.056261343012704176,ADISU Puglia su dati.puglia.it (microdati borse di studio),M
2022/23,UNIFG,Università degli Studi di Foggia,primo anno,in sede,https://dati.puglia.it/ckan/dataset/borse-di-studio-2022-23-studenti-idonei-e-beneficiari-distinti-per-richiesta-status-di-fuorisede,216,0.19600725952813067,ADISU Puglia su dati.puglia.it (microdati borse di studio),M
2022/23,UNIFG,Università degli Studi di Foggia,primo anno,pendolare,https://dati.puglia.it/ckan/dataset/borse-di-studio-2022-23-studenti-idonei-e-beneficiari-distinti-per-richiesta-status-di-fuorisede,824,0.7477313974591652,ADISU Puglia su dati.puglia.it (microdati borse di studio),M
2022/23,UNISALENTO,Università del Salento,anni successivi,fuorisede,https://dati.puglia.it/ckan/dataset/borse-di-studio-2022-23-studenti-idonei-e-beneficiari-distinti-per-richiesta-status-di-fuorisede,749,0.25261382799325466,ADISU Puglia su dati.puglia.it (microdati borse di studio),M
2022/23,UNISALENTO,Università del Salento,anni successivi,in sede,https://dati.puglia.it/ckan/dataset/borse-di-studio-2022-23-studenti-idonei-e-beneficiari-distinti-per-richiesta-status-di-fuorisede,193,0.06509274873524452,ADISU Puglia su dati.puglia.it (microdati borse di studio),M
2022/23,UNISALENTO,Università del Salento,anni successivi,pendolare,https://dati.puglia.it/ckan/dataset/borse-di-studio-2022-23-studenti-idonei-e-beneficiari-distinti-per-richiesta-status-di-fuorisede,2023,0.6822934232715009,ADISU Puglia su dati.puglia.it (microdati borse di studio),M
2022/23,UNISALENTO,Università del Salento,primo anno,fuorisede,https://dati.puglia.it/ckan/dataset/borse-di-studio-2022-23-studenti-idonei-e-beneficiari-distinti-per-richiesta-status-di-fuorisede,332,0.18895845190665908,ADISU Puglia su dati.puglia.it (microdati borse di studio),M
2022/23,UNISALENTO,Università del Salento,primo anno,in sede,https://dati.puglia.it/ckan/dataset/borse-di-studio-2022-23-studenti-idonei-e-beneficiari-distinti-per-richiesta-status-di-fuorisede,129,0.07342060330108138,ADISU Puglia su dati.puglia.it (microdati borse di studio),M
2022/23,UNISALENTO,Università del Salento,primo anno,pendolare,https://dati.puglia.it/ckan/dataset/borse-di-studio-2022-23-studenti-idonei-e-beneficiari-distinti-per-richiesta-status-di-fuorisede,1296,0.7376209447922595,ADISU Puglia su dati.puglia.it (microdati borse di studio),M
2023/24,ALTRO,Accademia di Belle Arti di Bari,anni successivi,fuorisede,https://dati.puglia.it/ckan/dataset/borse-di-studio-2023-24-studenti-idonei-e-beneficiari-distinti-per-richiesta-status-di-fuorisede,60,0.25,ADISU Puglia su dati.puglia.it (microdati borse di studio),M
2023/24,ALTRO,Accademia di Belle Arti di Bari,anni successivi,in sede,https://dati.puglia.it/ckan/dataset/borse-di-studio-2023-24-studenti-idonei-e-beneficiari-distinti-per-richiesta-status-di-fuorisede,33,0.1375,ADISU Puglia su dati.puglia.it (microdati borse di studio),M
2023/24,ALTRO,Accademia di Belle Arti di Bari,anni successivi,pendolare,https://dati.puglia.it/ckan/dataset/borse-di-studio-2023-24-studenti-idonei-e-beneficiari-distinti-per-richiesta-status-di-fuorisede,147,0.6125,ADISU Puglia su dati.puglia.it (microdati borse di studio),M
2023/24,ALTRO,Accademia di Belle Arti di Bari,primo anno,fuorisede,https://dati.puglia.it/ckan/dataset/borse-di-studio-2023-24-studenti-idonei-e-beneficiari-distinti-per-richiesta-status-di-fuorisede,31,0.25203252032520324,ADISU Puglia su dati.puglia.it (microdati borse di studio),M
2023/24,ALTRO,Accademia di Belle Arti di Bari,primo anno,in sede,https://dati.puglia.it/ckan/dataset/borse-di-studio-2023-24-studenti-idonei-e-beneficiari-distinti-per-richiesta-status-di-fuorisede,9,0.07317073170731707,ADISU Puglia su dati.puglia.it (microdati borse di studio),M
2023/24,ALTRO,Accademia di Belle Arti di Bari,primo anno,pendolare,https://dati.puglia.it/ckan/dataset/borse-di-studio-2023-24-studenti-idonei-e-beneficiari-distinti-per-richiesta-status-di-fuorisede,83,0.6747967479674797,ADISU Puglia su dati.puglia.it (microdati borse di studio),M
2023/24,ALTRO,Accademia di Belle Arti di Foggia,anni successivi,fuorisede,https://dati.puglia.it/ckan/dataset/borse-di-studio-2023-24-studenti-idonei-e-beneficiari-distinti-per-richiesta-status-di-fuorisede,23,0.1419753086419753,ADISU Puglia su dati.puglia.it (microdati borse di studio),M
2023/24,ALTRO,Accademia di Belle Arti di Foggia,anni successivi,in sede,https://dati.puglia.it/ckan/dataset/borse-di-studio-2023-24-studenti-idonei-e-beneficiari-distinti-per-richiesta-status-di-fuorisede,30,0.18518518518518517,ADISU Puglia su dati.puglia.it (microdati borse di studio),M
2023/24,ALTRO,Accademia di Belle Arti di Foggia,anni successivi,pendolare,https://dati.puglia.it/ckan/dataset/borse-di-studio-2023-24-studenti-idonei-e-beneficiari-distinti-per-richiesta-status-di-fuorisede,109,0.6728395061728395,ADISU Puglia su dati.puglia.it (microdati borse di studio),M
2023/24,ALTRO,Accademia di Belle Arti di Foggia,primo anno,fuorisede,https://dati.puglia.it/ckan/dataset/borse-di-studio-2023-24-studenti-idonei-e-beneficiari-distinti-per-richiesta-status-di-fuorisede,13,0.13829787234042554,ADISU Puglia su dati.puglia.it (microdati borse di studio),M
2023/24,ALTRO,Accademia di Belle Arti di Foggia,primo anno,in sede,https://dati.puglia.it/ckan/dataset/borse-di-studio-2023-24-studenti-idonei-e-beneficiari-distinti-per-richiesta-status-di-fuorisede,14,0.14893617021276595,ADISU Puglia su dati.puglia.it (microdati borse di studio),M
2023/24,ALTRO,Accademia di Belle Arti di Foggia,primo anno,pendolare,https://dati.puglia.it/ckan/dataset/borse-di-studio-2023-24-studenti-idonei-e-beneficiari-distinti-per-richiesta-status-di-fuorisede,67,0.7127659574468085,ADISU Puglia su dati.puglia.it (microdati borse di studio),M
2023/24,ALTRO,Accademia di Belle Arti di Lecce,anni successivi,fuorisede,https://dati.puglia.it/ckan/dataset/borse-di-studio-2023-24-studenti-idonei-e-beneficiari-distinti-per-richiesta-status-di-fuorisede,53,0.31736526946107785,ADISU Puglia su dati.puglia.it (microdati borse di studio),M
2023/24,ALTRO,Accademia di Belle Arti di Lecce,anni successivi,in sede,https://dati.puglia.it/ckan/dataset/borse-di-studio-2023-24-studenti-idonei-e-beneficiari-distinti-per-richiesta-status-di-fuorisede,11,0.0658682634730539,ADISU Puglia su dati.puglia.it (microdati borse di studio),M
2023/24,ALTRO,Accademia di Belle Arti di Lecce,anni successivi,pendolare,https://dati.puglia.it/ckan/dataset/borse-di-studio-2023-24-studenti-idonei-e-beneficiari-distinti-per-richiesta-status-di-fuorisede,103,0.6167664670658682,ADISU Puglia su dati.puglia.it (microdati borse di studio),M
2023/24,ALTRO,Accademia di Belle Arti di Lecce,primo anno,fuorisede,https://dati.puglia.it/ckan/dataset/borse-di-studio-2023-24-studenti-idonei-e-beneficiari-distinti-per-richiesta-status-di-fuorisede,19,0.2835820895522388,ADISU Puglia su dati.puglia.it (microdati borse di studio),M
2023/24,ALTRO,Accademia di Belle Arti di Lecce,primo anno,in sede,https://dati.puglia.it/ckan/dataset/borse-di-studio-2023-24-studenti-idonei-e-beneficiari-distinti-per-richiesta-status-di-fuorisede,3,0.04477611940298507,ADISU Puglia su dati.puglia.it (microdati borse di studio),M
2023/24,ALTRO,Accademia di Belle Arti di Lecce,primo anno,pendolare,https://dati.puglia.it/ckan/dataset/borse-di-studio-2023-24-studenti-idonei-e-beneficiari-distinti-per-richiesta-status-di-fuorisede,45,0.6716417910447762,ADISU Puglia su dati.puglia.it (microdati borse di studio),M
2023/24,ALTRO,Conservatorio G Paisiello di Taranto,anni successivi,in sede,https://dati.puglia.it/ckan/dataset/borse-di-studio-2023-24-studenti-idonei-e-beneficiari-distinti-per-richiesta-status-di-fuorisede,10,0.5882352941176471,ADISU Puglia su dati.puglia.it (microdati borse di studio),M
2023/24,ALTRO,Conservatorio G Paisiello di Taranto,anni successivi,pendolare,https://dati.puglia.it/ckan/dataset/borse-di-studio-2023-24-studenti-idonei-e-beneficiari-distinti-per-richiesta-status-di-fuorisede,7,0.4117647058823529,ADISU Puglia su dati.puglia.it (microdati borse di studio),M
2023/24,ALTRO,Conservatorio G Paisiello di Taranto,primo anno,in sede,https://dati.puglia.it/ckan/dataset/borse-di-studio-2023-24-studenti-idonei-e-beneficiari-distinti-per-richiesta-status-di-fuorisede,2,0.4,ADISU Puglia su dati.puglia.it (microdati borse di studio),M
2023/24,ALTRO,Conservatorio G Paisiello di Taranto,primo anno,pendolare,https://dati.puglia.it/ckan/dataset/borse-di-studio-2023-24-studenti-idonei-e-beneficiari-distinti-per-richiesta-status-di-fuorisede,3,0.6,ADISU Puglia su dati.puglia.it (microdati borse di studio),M
2023/24,ALTRO,Conservatorio N Piccinni di Bari,anni successivi,fuorisede,https://dati.puglia.it/ckan/dataset/borse-di-studio-2023-24-studenti-idonei-e-beneficiari-distinti-per-richiesta-status-di-fuorisede,13,0.24074074074074073,ADISU Puglia su dati.puglia.it (microdati borse di studio),M
2023/24,ALTRO,Conservatorio N Piccinni di Bari,anni successivi,in sede,https://dati.puglia.it/ckan/dataset/borse-di-studio-2023-24-studenti-idonei-e-beneficiari-distinti-per-richiesta-status-di-fuorisede,4,0.07407407407407407,ADISU Puglia su dati.puglia.it (microdati borse di studio),M
2023/24,ALTRO,Conservatorio N Piccinni di Bari,anni successivi,pendolare,https://dati.puglia.it/ckan/dataset/borse-di-studio-2023-24-studenti-idonei-e-beneficiari-distinti-per-richiesta-status-di-fuorisede,37,0.6851851851851852,ADISU Puglia su dati.puglia.it (microdati borse di studio),M
2023/24,ALTRO,Conservatorio N Piccinni di Bari,primo anno,fuorisede,https://dati.puglia.it/ckan/dataset/borse-di-studio-2023-24-studenti-idonei-e-beneficiari-distinti-per-richiesta-status-di-fuorisede,2,0.07142857142857142,ADISU Puglia su dati.puglia.it (microdati borse di studio),M
2023/24,ALTRO,Conservatorio N Piccinni di Bari,primo anno,in sede,https://dati.puglia.it/ckan/dataset/borse-di-studio-2023-24-studenti-idonei-e-beneficiari-distinti-per-richiesta-status-di-fuorisede,4,0.14285714285714285,ADISU Puglia su dati.puglia.it (microdati borse di studio),M
2023/24,ALTRO,Conservatorio N Piccinni di Bari,primo anno,pendolare,https://dati.puglia.it/ckan/dataset/borse-di-studio-2023-24-studenti-idonei-e-beneficiari-distinti-per-richiesta-status-di-fuorisede,22,0.7857142857142857,ADISU Puglia su dati.puglia.it (microdati borse di studio),M
2023/24,ALTRO,Conservatorio N Rota di Monopoli (BA),anni successivi,fuorisede,https://dati.puglia.it/ckan/dataset/borse-di-studio-2023-24-studenti-idonei-e-beneficiari-distinti-per-richiesta-status-di-fuorisede,12,0.26666666666666666,ADISU Puglia su dati.puglia.it (microdati borse di studio),M
2023/24,ALTRO,Conservatorio N Rota di Monopoli (BA),anni successivi,in sede,https://dati.puglia.it/ckan/dataset/borse-di-studio-2023-24-studenti-idonei-e-beneficiari-distinti-per-richiesta-status-di-fuorisede,6,0.13333333333333333,ADISU Puglia su dati.puglia.it (microdati borse di studio),M
2023/24,ALTRO,Conservatorio N Rota di Monopoli (BA),anni successivi,pendolare,https://dati.puglia.it/ckan/dataset/borse-di-studio-2023-24-studenti-idonei-e-beneficiari-distinti-per-richiesta-status-di-fuorisede,27,0.6,ADISU Puglia su dati.puglia.it (microdati borse di studio),M
2023/24,ALTRO,Conservatorio N Rota di Monopoli (BA),primo anno,fuorisede,https://dati.puglia.it/ckan/dataset/borse-di-studio-2023-24-studenti-idonei-e-beneficiari-distinti-per-richiesta-status-di-fuorisede,14,0.5384615384615384,ADISU Puglia su dati.puglia.it (microdati borse di studio),M
2023/24,ALTRO,Conservatorio N Rota di Monopoli (BA),primo anno,pendolare,https://dati.puglia.it/ckan/dataset/borse-di-studio-2023-24-studenti-idonei-e-beneficiari-distinti-per-richiesta-status-di-fuorisede,12,0.46153846153846156,ADISU Puglia su dati.puglia.it (microdati borse di studio),M
2023/24,ALTRO,Conservatorio T Schipa di Lecce,anni successivi,fuorisede,https://dati.puglia.it/ckan/dataset/borse-di-studio-2023-24-studenti-idonei-e-beneficiari-distinti-per-richiesta-status-di-fuorisede,5,0.10204081632653061,ADISU Puglia su dati.puglia.it (microdati borse di studio),M
2023/24,ALTRO,Conservatorio T Schipa di Lecce,anni successivi,in sede,https://dati.puglia.it/ckan/dataset/borse-di-studio-2023-24-studenti-idonei-e-beneficiari-distinti-per-richiesta-status-di-fuorisede,2,0.04081632653061224,ADISU Puglia su dati.puglia.it (microdati borse di studio),M
2023/24,ALTRO,Conservatorio T Schipa di Lecce,anni successivi,pendolare,https://dati.puglia.it/ckan/dataset/borse-di-studio-2023-24-studenti-idonei-e-beneficiari-distinti-per-richiesta-status-di-fuorisede,42,0.8571428571428571,ADISU Puglia su dati.puglia.it (microdati borse di studio),M
2023/24,ALTRO,Conservatorio T Schipa di Lecce,primo anno,fuorisede,https://dati.puglia.it/ckan/dataset/borse-di-studio-2023-24-studenti-idonei-e-beneficiari-distinti-per-richiesta-status-di-fuorisede,5,0.21739130434782608,ADISU Puglia su dati.puglia.it (microdati borse di studio),M
2023/24,ALTRO,Conservatorio T Schipa di Lecce,primo anno,pendolare,https://dati.puglia.it/ckan/dataset/borse-di-studio-2023-24-studenti-idonei-e-beneficiari-distinti-per-richiesta-status-di-fuorisede,18,0.782608695652174,ADISU Puglia su dati.puglia.it (microdati borse di studio),M
2023/24,ALTRO,Conservatorio U Giordano di Foggia,anni successivi,fuorisede,https://dati.puglia.it/ckan/dataset/borse-di-studio-2023-24-studenti-idonei-e-beneficiari-distinti-per-richiesta-status-di-fuorisede,4,0.06666666666666667,ADISU Puglia su dati.puglia.it (microdati borse di studio),M
2023/24,ALTRO,Conservatorio U Giordano di Foggia,anni successivi,in sede,https://dati.puglia.it/ckan/dataset/borse-di-studio-2023-24-studenti-idonei-e-beneficiari-distinti-per-richiesta-status-di-fuorisede,13,0.21666666666666667,ADISU Puglia su dati.puglia.it (microdati borse di studio),M
2023/24,ALTRO,Conservatorio U Giordano di Foggia,anni successivi,pendolare,https://dati.puglia.it/ckan/dataset/borse-di-studio-2023-24-studenti-idonei-e-beneficiari-distinti-per-richiesta-status-di-fuorisede,43,0.7166666666666667,ADISU Puglia su dati.puglia.it (microdati borse di studio),M
2023/24,ALTRO,Conservatorio U Giordano di Foggia,primo anno,fuorisede,https://dati.puglia.it/ckan/dataset/borse-di-studio-2023-24-studenti-idonei-e-beneficiari-distinti-per-richiesta-status-di-fuorisede,1,0.043478260869565216,ADISU Puglia su dati.puglia.it (microdati borse di studio),M
2023/24,ALTRO,Conservatorio U Giordano di Foggia,primo anno,in sede,https://dati.puglia.it/ckan/dataset/borse-di-studio-2023-24-studenti-idonei-e-beneficiari-distinti-per-richiesta-status-di-fuorisede,6,0.2608695652173913,ADISU Puglia su dati.puglia.it (microdati borse di studio),M
2023/24,ALTRO,Conservatorio U Giordano di Foggia,primo anno,pendolare,https://dati.puglia.it/ckan/dataset/borse-di-studio-2023-24-studenti-idonei-e-beneficiari-distinti-per-richiesta-status-di-fuorisede,16,0.6956521739130435,ADISU Puglia su dati.puglia.it (microdati borse di studio),M
2023/24,ALTRO,Istituto Universitario Bona Sforza,anni successivi,fuorisede,https://dati.puglia.it/ckan/dataset/borse-di-studio-2023-24-studenti-idonei-e-beneficiari-distinti-per-richiesta-status-di-fuorisede,1,0.0625,ADISU Puglia su dati.puglia.it (microdati borse di studio),M
2023/24,ALTRO,Istituto Universitario Bona Sforza,anni successivi,in sede,https://dati.puglia.it/ckan/dataset/borse-di-studio-2023-24-studenti-idonei-e-beneficiari-distinti-per-richiesta-status-di-fuorisede,4,0.25,ADISU Puglia su dati.puglia.it (microdati borse di studio),M
2023/24,ALTRO,Istituto Universitario Bona Sforza,anni successivi,pendolare,https://dati.puglia.it/ckan/dataset/borse-di-studio-2023-24-studenti-idonei-e-beneficiari-distinti-per-richiesta-status-di-fuorisede,11,0.6875,ADISU Puglia su dati.puglia.it (microdati borse di studio),M
2023/24,ALTRO,Istituto Universitario Bona Sforza,primo anno,fuorisede,https://dati.puglia.it/ckan/dataset/borse-di-studio-2023-24-studenti-idonei-e-beneficiari-distinti-per-richiesta-status-di-fuorisede,1,0.041666666666666664,ADISU Puglia su dati.puglia.it (microdati borse di studio),M
2023/24,ALTRO,Istituto Universitario Bona Sforza,primo anno,in sede,https://dati.puglia.it/ckan/dataset/borse-di-studio-2023-24-studenti-idonei-e-beneficiari-distinti-per-richiesta-status-di-fuorisede,5,0.20833333333333334,ADISU Puglia su dati.puglia.it (microdati borse di studio),M
2023/24,ALTRO,Istituto Universitario Bona Sforza,primo anno,pendolare,https://dati.puglia.it/ckan/dataset/borse-di-studio-2023-24-studenti-idonei-e-beneficiari-distinti-per-richiesta-status-di-fuorisede,18,0.75,ADISU Puglia su dati.puglia.it (microdati borse di studio),M
2023/24,LUM,Libera Università Mediterranea Giuseppe Degennaro,anni successivi,fuorisede,https://dati.puglia.it/ckan/dataset/borse-di-studio-2023-24-studenti-idonei-e-beneficiari-distinti-per-richiesta-status-di-fuorisede,19,0.1623931623931624,ADISU Puglia su dati.puglia.it (microdati borse di studio),M
2023/24,LUM,Libera Università Mediterranea Giuseppe Degennaro,anni successivi,in sede,https://dati.puglia.it/ckan/dataset/borse-di-studio-2023-24-studenti-idonei-e-beneficiari-distinti-per-richiesta-status-di-fuorisede,1,0.008547008547008548,ADISU Puglia su dati.puglia.it (microdati borse di studio),M
2023/24,LUM,Libera Università Mediterranea Giuseppe Degennaro,anni successivi,pendolare,https://dati.puglia.it/ckan/dataset/borse-di-studio-2023-24-studenti-idonei-e-beneficiari-distinti-per-richiesta-status-di-fuorisede,97,0.8290598290598291,ADISU Puglia su dati.puglia.it (microdati borse di studio),M
2023/24,LUM,Libera Università Mediterranea Giuseppe Degennaro,primo anno,fuorisede,https://dati.puglia.it/ckan/dataset/borse-di-studio-2023-24-studenti-idonei-e-beneficiari-distinti-per-richiesta-status-di-fuorisede,7,0.09859154929577464,ADISU Puglia su dati.puglia.it (microdati borse di studio),M
2023/24,LUM,Libera Università Mediterranea Giuseppe Degennaro,primo anno,in sede,https://dati.puglia.it/ckan/dataset/borse-di-studio-2023-24-studenti-idonei-e-beneficiari-distinti-per-richiesta-status-di-fuorisede,4,0.056338028169014086,ADISU Puglia su dati.puglia.it (microdati borse di studio),M
2023/24,LUM,Libera Università Mediterranea Giuseppe Degennaro,primo anno,pendolare,https://dati.puglia.it/ckan/dataset/borse-di-studio-2023-24-studenti-idonei-e-beneficiari-distinti-per-richiesta-status-di-fuorisede,60,0.8450704225352113,ADISU Puglia su dati.puglia.it (microdati borse di studio),M
2023/24,POLIBA,Politecnico di Bari,anni successivi,fuorisede,https://dati.puglia.it/ckan/dataset/borse-di-studio-2023-24-studenti-idonei-e-beneficiari-distinti-per-richiesta-status-di-fuorisede,417,0.33957654723127034,ADISU Puglia su dati.puglia.it (microdati borse di studio),M
2023/24,POLIBA,Politecnico di Bari,anni successivi,in sede,https://dati.puglia.it/ckan/dataset/borse-di-studio-2023-24-studenti-idonei-e-beneficiari-distinti-per-richiesta-status-di-fuorisede,134,0.10912052117263844,ADISU Puglia su dati.puglia.it (microdati borse di studio),M
2023/24,POLIBA,Politecnico di Bari,anni successivi,pendolare,https://dati.puglia.it/ckan/dataset/borse-di-studio-2023-24-studenti-idonei-e-beneficiari-distinti-per-richiesta-status-di-fuorisede,677,0.5513029315960912,ADISU Puglia su dati.puglia.it (microdati borse di studio),M
2023/24,POLIBA,Politecnico di Bari,primo anno,fuorisede,https://dati.puglia.it/ckan/dataset/borse-di-studio-2023-24-studenti-idonei-e-beneficiari-distinti-per-richiesta-status-di-fuorisede,257,0.3224592220828105,ADISU Puglia su dati.puglia.it (microdati borse di studio),M
2023/24,POLIBA,Politecnico di Bari,primo anno,in sede,https://dati.puglia.it/ckan/dataset/borse-di-studio-2023-24-studenti-idonei-e-beneficiari-distinti-per-richiesta-status-di-fuorisede,84,0.1053952321204517,ADISU Puglia su dati.puglia.it (microdati borse di studio),M
2023/24,POLIBA,Politecnico di Bari,primo anno,pendolare,https://dati.puglia.it/ckan/dataset/borse-di-studio-2023-24-studenti-idonei-e-beneficiari-distinti-per-richiesta-status-di-fuorisede,456,0.5721455457967378,ADISU Puglia su dati.puglia.it (microdati borse di studio),M
2023/24,UNIBA,Università degli Studi di Bari Aldo Moro,anni successivi,fuorisede,https://dati.puglia.it/ckan/dataset/borse-di-studio-2023-24-studenti-idonei-e-beneficiari-distinti-per-richiesta-status-di-fuorisede,1293,0.2452114545799355,ADISU Puglia su dati.puglia.it (microdati borse di studio),M
2023/24,UNIBA,Università degli Studi di Bari Aldo Moro,anni successivi,in sede,https://dati.puglia.it/ckan/dataset/borse-di-studio-2023-24-studenti-idonei-e-beneficiari-distinti-per-richiesta-status-di-fuorisede,671,0.12725203868765408,ADISU Puglia su dati.puglia.it (microdati borse di studio),M
2023/24,UNIBA,Università degli Studi di Bari Aldo Moro,anni successivi,pendolare,https://dati.puglia.it/ckan/dataset/borse-di-studio-2023-24-studenti-idonei-e-beneficiari-distinti-per-richiesta-status-di-fuorisede,3309,0.6275365067324103,ADISU Puglia su dati.puglia.it (microdati borse di studio),M
2023/24,UNIBA,Università degli Studi di Bari Aldo Moro,primo anno,fuorisede,https://dati.puglia.it/ckan/dataset/borse-di-studio-2023-24-studenti-idonei-e-beneficiari-distinti-per-richiesta-status-di-fuorisede,679,0.22102864583333334,ADISU Puglia su dati.puglia.it (microdati borse di studio),M
2023/24,UNIBA,Università degli Studi di Bari Aldo Moro,primo anno,in sede,https://dati.puglia.it/ckan/dataset/borse-di-studio-2023-24-studenti-idonei-e-beneficiari-distinti-per-richiesta-status-di-fuorisede,320,0.10416666666666667,ADISU Puglia su dati.puglia.it (microdati borse di studio),M
2023/24,UNIBA,Università degli Studi di Bari Aldo Moro,primo anno,pendolare,https://dati.puglia.it/ckan/dataset/borse-di-studio-2023-24-studenti-idonei-e-beneficiari-distinti-per-richiesta-status-di-fuorisede,2073,0.6748046875,ADISU Puglia su dati.puglia.it (microdati borse di studio),M
2023/24,UNIFG,Università degli Studi di Foggia,anni successivi,fuorisede,https://dati.puglia.it/ckan/dataset/borse-di-studio-2023-24-studenti-idonei-e-beneficiari-distinti-per-richiesta-status-di-fuorisede,210,0.0880503144654088,ADISU Puglia su dati.puglia.it (microdati borse di studio),M
2023/24,UNIFG,Università degli Studi di Foggia,anni successivi,in sede,https://dati.puglia.it/ckan/dataset/borse-di-studio-2023-24-studenti-idonei-e-beneficiari-distinti-per-richiesta-status-di-fuorisede,543,0.22767295597484277,ADISU Puglia su dati.puglia.it (microdati borse di studio),M
2023/24,UNIFG,Università degli Studi di Foggia,anni successivi,pendolare,https://dati.puglia.it/ckan/dataset/borse-di-studio-2023-24-studenti-idonei-e-beneficiari-distinti-per-richiesta-status-di-fuorisede,1632,0.6842767295597484,ADISU Puglia su dati.puglia.it (microdati borse di studio),M
2023/24,UNIFG,Università degli Studi di Foggia,primo anno,fuorisede,https://dati.puglia.it/ckan/dataset/borse-di-studio-2023-24-studenti-idonei-e-beneficiari-distinti-per-richiesta-status-di-fuorisede,71,0.06136560069144339,ADISU Puglia su dati.puglia.it (microdati borse di studio),M
2023/24,UNIFG,Università degli Studi di Foggia,primo anno,in sede,https://dati.puglia.it/ckan/dataset/borse-di-studio-2023-24-studenti-idonei-e-beneficiari-distinti-per-richiesta-status-di-fuorisede,227,0.1961970613656007,ADISU Puglia su dati.puglia.it (microdati borse di studio),M
2023/24,UNIFG,Università degli Studi di Foggia,primo anno,pendolare,https://dati.puglia.it/ckan/dataset/borse-di-studio-2023-24-studenti-idonei-e-beneficiari-distinti-per-richiesta-status-di-fuorisede,859,0.742437337942956,ADISU Puglia su dati.puglia.it (microdati borse di studio),M
2023/24,UNISALENTO,Università del Salento,anni successivi,fuorisede,https://dati.puglia.it/ckan/dataset/borse-di-studio-2023-24-studenti-idonei-e-beneficiari-distinti-per-richiesta-status-di-fuorisede,783,0.23577235772357724,ADISU Puglia su dati.puglia.it (microdati borse di studio),M
2023/24,UNISALENTO,Università del Salento,anni successivi,in sede,https://dati.puglia.it/ckan/dataset/borse-di-studio-2023-24-studenti-idonei-e-beneficiari-distinti-per-richiesta-status-di-fuorisede,243,0.07317073170731707,ADISU Puglia su dati.puglia.it (microdati borse di studio),M
2023/24,UNISALENTO,Università del Salento,anni successivi,pendolare,https://dati.puglia.it/ckan/dataset/borse-di-studio-2023-24-studenti-idonei-e-beneficiari-distinti-per-richiesta-status-di-fuorisede,2295,0.6910569105691057,ADISU Puglia su dati.puglia.it (microdati borse di studio),M
2023/24,UNISALENTO,Università del Salento,primo anno,fuorisede,https://dati.puglia.it/ckan/dataset/borse-di-studio-2023-24-studenti-idonei-e-beneficiari-distinti-per-richiesta-status-di-fuorisede,426,0.20872121509064184,ADISU Puglia su dati.puglia.it (microdati borse di studio),M
2023/24,UNISALENTO,Università del Salento,primo anno,in sede,https://dati.puglia.it/ckan/dataset/borse-di-studio-2023-24-studenti-idonei-e-beneficiari-distinti-per-richiesta-status-di-fuorisede,129,0.06320431161195493,ADISU Puglia su dati.puglia.it (microdati borse di studio),M
2023/24,UNISALENTO,Università del Salento,primo anno,pendolare,https://dati.puglia.it/ckan/dataset/borse-di-studio-2023-24-studenti-idonei-e-beneficiari-distinti-per-richiesta-status-di-fuorisede,1486,0.7280744732974033,ADISU Puglia su dati.puglia.it (microdati borse di studio),M
