anno_accademico,tipo_stud,status,fascia_isee,dataset,beneficiari,isee_da,fonte,tipo_dato
2020/21,anni successivi,fuorisede,0-5000,https://dati.puglia.it/ckan/dataset/borse-di-studio-2020-21-studenti-idonei-e-beneficiari-distinti-per-tipologia-e-fascia-di-reddito,472,0,ADISU Puglia su dati.puglia.it (microdati borse di studio),M
2020/21,anni successivi,in sede,0-5000,https://dati.puglia.it/ckan/dataset/borse-di-studio-2020-21-studenti-idonei-e-beneficiari-distinti-per-tipologia-e-fascia-di-reddito,390,0,ADISU Puglia su dati.puglia.it (microdati borse di studio),M
2020/21,anni successivi,pendolare,0-5000,https://dati.puglia.it/ckan/dataset/borse-di-studio-2020-21-studenti-idonei-e-beneficiari-distinti-per-tipologia-e-fascia-di-reddito,1269,0,ADISU Puglia su dati.puglia.it (microdati borse di studio),M
2020/21,primo anno,fuorisede,0-5000,https://dati.puglia.it/ckan/dataset/borse-di-studio-2020-21-studenti-idonei-e-beneficiari-distinti-per-tipologia-e-fascia-di-reddito,236,0,ADISU Puglia su dati.puglia.it (microdati borse di studio),M
2020/21,primo anno,in sede,0-5000,https://dati.puglia.it/ckan/dataset/borse-di-studio-2020-21-studenti-idonei-e-beneficiari-distinti-per-tipologia-e-fascia-di-reddito,161,0,ADISU Puglia su dati.puglia.it (microdati borse di studio),M
2020/21,primo anno,pendolare,0-5000,https://dati.puglia.it/ckan/dataset/borse-di-studio-2020-21-studenti-idonei-e-beneficiari-distinti-per-tipologia-e-fascia-di-reddito,668,0,ADISU Puglia su dati.puglia.it (microdati borse di studio),M
2020/21,anni successivi,fuorisede,5001-10000,https://dati.puglia.it/ckan/dataset/borse-di-studio-2020-21-studenti-idonei-e-beneficiari-distinti-per-tipologia-e-fascia-di-reddito,627,5001,ADISU Puglia su dati.puglia.it (microdati borse di studio),M
2020/21,anni successivi,in sede,5001-10000,https://dati.puglia.it/ckan/dataset/borse-di-studio-2020-21-studenti-idonei-e-beneficiari-distinti-per-tipologia-e-fascia-di-reddito,474,5001,ADISU Puglia su dati.puglia.it (microdati borse di studio),M
2020/21,anni successivi,pendolare,5001-10000,https://dati.puglia.it/ckan/dataset/borse-di-studio-2020-21-studenti-idonei-e-beneficiari-distinti-per-tipologia-e-fascia-di-reddito,2171,5001,ADISU Puglia su dati.puglia.it (microdati borse di studio),M
2020/21,primo anno,fuorisede,5001-10000,https://dati.puglia.it/ckan/dataset/borse-di-studio-2020-21-studenti-idonei-e-beneficiari-distinti-per-tipologia-e-fascia-di-reddito,247,5001,ADISU Puglia su dati.puglia.it (microdati borse di studio),M
2020/21,primo anno,in sede,5001-10000,https://dati.puglia.it/ckan/dataset/borse-di-studio-2020-21-studenti-idonei-e-beneficiari-distinti-per-tipologia-e-fascia-di-reddito,223,5001,ADISU Puglia su dati.puglia.it (microdati borse di studio),M
2020/21,primo anno,pendolare,5001-10000,https://dati.puglia.it/ckan/dataset/borse-di-studio-2020-21-studenti-idonei-e-beneficiari-distinti-per-tipologia-e-fascia-di-reddito,1095,5001,ADISU Puglia su dati.puglia.it (microdati borse di studio),M
2020/21,anni successivi,fuorisede,10001-15000,https://dati.puglia.it/ckan/dataset/borse-di-studio-2020-21-studenti-idonei-e-beneficiari-distinti-per-tipologia-e-fascia-di-reddito,606,10001,ADISU Puglia su dati.puglia.it (microdati borse di studio),M
2020/21,anni successivi,in sede,10001-15000,https://dati.puglia.it/ckan/dataset/borse-di-studio-2020-21-studenti-idonei-e-beneficiari-distinti-per-tipologia-e-fascia-di-reddito,500,10001,ADISU Puglia su dati.puglia.it (microdati borse di studio),M
2020/21,anni successivi,pendolare,10001-15000,https://dati.puglia.it/ckan/dataset/borse-di-studio-2020-21-studenti-idonei-e-beneficiari-distinti-per-tipologia-e-fascia-di-reddito,2357,10001,ADISU Puglia su dati.puglia.it (microdati borse di studio),M
2020/21,primo anno,fuorisede,10001-15000,https://dati.puglia.it/ckan/dataset/borse-di-studio-2020-21-studenti-idonei-e-beneficiari-distinti-per-tipologia-e-fascia-di-reddito,157,10001,ADISU Puglia su dati.puglia.it (microdati borse di studio),M
2020/21,primo anno,in sede,10001-15000,https://dati.puglia.it/ckan/dataset/borse-di-studio-2020-21-studenti-idonei-e-beneficiari-distinti-per-tipologia-e-fascia-di-reddito,204,10001,ADISU Puglia su dati.puglia.it (microdati borse di studio),M
2020/21,primo anno,pendolare,10001-15000,https://dati.puglia.it/ckan/dataset/borse-di-studio-2020-21-studenti-idonei-e-beneficiari-distinti-per-tipologia-e-fascia-di-reddito,1150,10001,ADISU Puglia su dati.puglia.it (microdati borse di studio),M
2020/21,anni successivi,fuorisede,15001-20000,https://dati.puglia.it/ckan/dataset/borse-di-studio-2020-21-studenti-idonei-e-beneficiari-distinti-per-tipologia-e-fascia-di-reddito,382,15001,ADISU Puglia su dati.puglia.it (microdati borse di studio),M
2020/21,anni successivi,in sede,15001-20000,https://dati.puglia.it/ckan/dataset/borse-di-studio-2020-21-studenti-idonei-e-beneficiari-distinti-per-tipologia-e-fascia-di-reddito,384,15001,ADISU Puglia su dati.puglia.it (microdati borse di studio),M
2020/21,anni successivi,pendolare,15001-20000,https://dati.puglia.it/ckan/dataset/borse-di-studio-2020-21-studenti-idonei-e-beneficiari-distinti-per-tipologia-e-fascia-di-reddito,1484,15001,ADISU Puglia su dati.puglia.it (microdati borse di studio),M
2020/21,primo anno,fuorisede,15001-20000,https://dati.puglia.it/ckan/dataset/borse-di-studio-2020-21-studenti-idonei-e-beneficiari-distinti-per-tipologia-e-fascia-di-reddito,94,15001,ADISU Puglia su dati.puglia.it (microdati borse di studio),M
2020/21,primo anno,in sede,15001-20000,https://dati.puglia.it/ckan/dataset/borse-di-studio-2020-21-studenti-idonei-e-beneficiari-distinti-per-tipologia-e-fascia-di-reddito,134,15001,ADISU Puglia su dati.puglia.it (microdati borse di studio),M
2020/21,primo anno,pendolare,15001-20000,https://dati.puglia.it/ckan/dataset/borse-di-studio-2020-21-studenti-idonei-e-beneficiari-distinti-per-tipologia-e-fascia-di-reddito,716,15001,ADISU Puglia su dati.puglia.it (microdati borse di studio),M
2020/21,anni successivi,fuorisede,20001-23000,https://dati.puglia.it/ckan/dataset/borse-di-studio-2020-21-studenti-idonei-e-beneficiari-distinti-per-tipologia-e-fascia-di-reddito,120,20001,ADISU Puglia su dati.puglia.it (microdati borse di studio),M
2020/21,anni successivi,in sede,20001-23000,https://dati.puglia.it/ckan/dataset/borse-di-studio-2020-21-studenti-idonei-e-beneficiari-distinti-per-tipologia-e-fascia-di-reddito,127,20001,ADISU Puglia su dati.puglia.it (microdati borse di studio),M
2020/21,anni successivi,pendolare,20001-23000,https://dati.puglia.it/ckan/dataset/borse-di-studio-2020-21-studenti-idonei-e-beneficiari-distinti-per-tipologia-e-fascia-di-reddito,533,20001,ADISU Puglia su dati.puglia.it (microdati borse di studio),M
2020/21,primo anno,fuorisede,20001-23000,https://dati.puglia.it/ckan/dataset/borse-di-studio-2020-21-studenti-idonei-e-beneficiari-distinti-per-tipologia-e-fascia-di-reddito,26,20001,ADISU Puglia su dati.puglia.it (microdati borse di studio),M
2020/21,primo anno,in sede,20001-23000,https://dati.puglia.it/ckan/dataset/borse-di-studio-2020-21-studenti-idonei-e-beneficiari-distinti-per-tipologia-e-fascia-di-reddito,56,20001,ADISU Puglia su dati.puglia.it (microdati borse di studio),M
2020/21,primo anno,pendolare,20001-23000,https://dati.puglia.it/ckan/dataset/borse-di-studio-2020-21-studenti-idonei-e-beneficiari-distinti-per-tipologia-e-fascia-di-reddito,208,20001,ADISU Puglia su dati.puglia.it (microdati borse di studio),M
2021/22,anni successivi,fuorisede,0-5000,https://dati.puglia.it/ckan/dataset/borse-di-studio-2021-22-studenti-idonei-e-beneficiari-distinti-per-tipologia-e-fascia-di-reddito,435,0,ADISU Puglia su dati.puglia.it (microdati borse di studio),M
2021/22,anni successivi,in sede,0-5000,https://dati.puglia.it/ckan/dataset/borse-di-studio-2021-22-studenti-idonei-e-beneficiari-distinti-per-tipologia-e-fascia-di-reddito,278,0,ADISU Puglia su dati.puglia.it (microdati borse di studio),M
2021/22,anni successivi,pendolare,0-5000,https://dati.puglia.it/ckan/dataset/borse-di-studio-2021-22-studenti-idonei-e-beneficiari-distinti-per-tipologia-e-fascia-di-reddito,1328,0,ADISU Puglia su dati.puglia.it (microdati borse di studio),M
2021/22,primo anno,fuorisede,0-5000,https://dati.puglia.it/ckan/dataset/borse-di-studio-2021-22-studenti-idonei-e-beneficiari-distinti-per-tipologia-e-fascia-di-reddito,258,0,ADISU Puglia su dati.puglia.it (microdati borse di studio),M
2021/22,primo anno,in sede,0-5000,https://dati.puglia.it/ckan/dataset/borse-di-studio-2021-22-studenti-idonei-e-beneficiari-distinti-per-tipologia-e-fascia-di-reddito,172,0,ADISU Puglia su dati.puglia.it (microdati borse di studio),M
2021/22,primo anno,pendolare,0-5000,https://dati.puglia.it/ckan/dataset/borse-di-studio-2021-22-studenti-idonei-e-beneficiari-distinti-per-tipologia-e-fascia-di-reddito,1017,0,ADISU Puglia su dati.puglia.it (microdati borse di studio),M
2021/22,anni successivi,fuorisede,5001-10000,https://dati.puglia.it/ckan/dataset/borse-di-studio-2021-22-studenti-idonei-e-beneficiari-distinti-per-tipologia-e-fascia-di-reddito,616,5001,ADISU Puglia su dati.puglia.it (microdati borse di studio),M
2021/22,anni successivi,in sede,5001-10000,https://dati.puglia.it/ckan/dataset/borse-di-studio-2021-22-studenti-idonei-e-beneficiari-distinti-per-tipologia-e-fascia-di-reddito,405,5001,ADISU Puglia su dati.puglia.it (microdati borse di studio),M
2021/22,anni successivi,pendolare,5001-10000,https://dati.puglia.it/ckan/dataset/borse-di-studio-2021-22-studenti-idonei-e-beneficiari-distinti-per-tipologia-e-fascia-di-reddito,2346,5001,ADISU Puglia su dati.puglia.it (microdati borse di studio),M
2021/22,primo anno,fuorisede,5001-10000,https://dati.puglia.it/ckan/dataset/borse-di-studio-2021-22-studenti-idonei-e-beneficiari-distinti-per-tipologia-e-fascia-di-reddito,317,5001,ADISU Puglia su dati.puglia.it (microdati borse di studio),M
2021/22,primo anno,in sede,5001-10000,https://dati.puglia.it/ckan/dataset/borse-di-studio-2021-22-studenti-idonei-e-beneficiari-distinti-per-tipologia-e-fascia-di-reddito,220,5001,ADISU Puglia su dati.puglia.it (microdati borse di studio),M
2021/22,primo anno,pendolare,5001-10000,https://dati.puglia.it/ckan/dataset/borse-di-studio-2021-22-studenti-idonei-e-beneficiari-distinti-per-tipologia-e-fascia-di-reddito,1523,5001,ADISU Puglia su dati.puglia.it (microdati borse di studio),M
2021/22,anni successivi,fuorisede,10001-15000,https://dati.puglia.it/ckan/dataset/borse-di-studio-2021-22-studenti-idonei-e-beneficiari-distinti-per-tipologia-e-fascia-di-reddito,593,10001,ADISU Puglia su dati.puglia.it (microdati borse di studio),M
2021/22,anni successivi,in sede,10001-15000,https://dati.puglia.it/ckan/dataset/borse-di-studio-2021-22-studenti-idonei-e-beneficiari-distinti-per-tipologia-e-fascia-di-reddito,423,10001,ADISU Puglia su dati.puglia.it (microdati borse di studio),M
2021/22,anni successivi,pendolare,10001-15000,https://dati.puglia.it/ckan/dataset/borse-di-studio-2021-22-studenti-idonei-e-beneficiari-distinti-per-tipologia-e-fascia-di-reddito,2323,10001,ADISU Puglia su dati.puglia.it (microdati borse di studio),M
2021/22,primo anno,fuorisede,10001-15000,https://dati.puglia.it/ckan/dataset/borse-di-studio-2021-22-studenti-idonei-e-beneficiari-distinti-per-tipologia-e-fascia-di-reddito,238,10001,ADISU Puglia su dati.puglia.it (microdati borse di studio),M
2021/22,primo anno,in sede,10001-15000,https://dati.puglia.it/ckan/dataset/borse-di-studio-2021-22-studenti-idonei-e-beneficiari-distinti-per-tipologia-e-fascia-di-reddito,221,10001,ADISU Puglia su dati.puglia.it (microdati borse di studio),M
2021/22,primo anno,pendolare,10001-15000,https://dati.puglia.it/ckan/dataset/borse-di-studio-2021-22-studenti-idonei-e-beneficiari-distinti-per-tipologia-e-fascia-di-reddito,1426,10001,ADISU Puglia su dati.puglia.it (microdati borse di studio),M
2021/22,anni successivi,fuorisede,15001-20000,https://dati.puglia.it/ckan/dataset/borse-di-studio-2021-22-studenti-idonei-e-beneficiari-distinti-per-tipologia-e-fascia-di-reddito,411,15001,ADISU Puglia su dati.puglia.it (microdati borse di studio),M
2021/22,anni successivi,in sede,15001-20000,https://dati.puglia.it/ckan/dataset/borse-di-studio-2021-22-studenti-idonei-e-beneficiari-distinti-per-tipologia-e-fascia-di-reddito,303,15001,ADISU Puglia su dati.puglia.it (microdati borse di studio),M
2021/22,anni successivi,pendolare,15001-20000,https://dati.puglia.it/ckan/dataset/borse-di-studio-2021-22-studenti-idonei-e-beneficiari-distinti-per-tipologia-e-fascia-di-reddito,1655,15001,ADISU Puglia su dati.puglia.it (microdati borse di studio),M
2021/22,primo anno,fuorisede,15001-20000,https://dati.puglia.it/ckan/dataset/borse-di-studio-2021-22-studenti-idonei-e-beneficiari-distinti-per-tipologia-e-fascia-di-reddito,175,15001,ADISU Puglia su dati.puglia.it (microdati borse di studio),M
2021/22,primo anno,in sede,15001-20000,https://dati.puglia.it/ckan/dataset/borse-di-studio-2021-22-studenti-idonei-e-beneficiari-distinti-per-tipologia-e-fascia-di-reddito,162,15001,ADISU Puglia su dati.puglia.it (microdati borse di studio),M
2021/22,primo anno,pendolare,15001-20000,https://dati.puglia.it/ckan/dataset/borse-di-studio-2021-22-studenti-idonei-e-beneficiari-distinti-per-tipologia-e-fascia-di-reddito,909,15001,ADISU Puglia su dati.puglia.it (microdati borse di studio),M
2021/22,anni successivi,fuorisede,20001-23626.32,https://dati.puglia.it/ckan/dataset/borse-di-studio-2021-22-studenti-idonei-e-beneficiari-distinti-per-tipologia-e-fascia-di-reddito,157,20001,ADISU Puglia su dati.puglia.it (microdati borse di studio),M
2021/22,anni successivi,in sede,20001-23626.32,https://dati.puglia.it/ckan/dataset/borse-di-studio-2021-22-studenti-idonei-e-beneficiari-distinti-per-tipologia-e-fascia-di-reddito,141,20001,ADISU Puglia su dati.puglia.it (microdati borse di studio),M
2021/22,anni successivi,pendolare,20001-23626.32,https://dati.puglia.it/ckan/dataset/borse-di-studio-2021-22-studenti-idonei-e-beneficiari-distinti-per-tipologia-e-fascia-di-reddito,624,20001,ADISU Puglia su dati.puglia.it (microdati borse di studio),M
2021/22,primo anno,fuorisede,20001-23626.32,https://dati.puglia.it/ckan/dataset/borse-di-studio-2021-22-studenti-idonei-e-beneficiari-distinti-per-tipologia-e-fascia-di-reddito,61,20001,ADISU Puglia su dati.puglia.it (microdati borse di studio),M
2021/22,primo anno,in sede,20001-23626.32,https://dati.puglia.it/ckan/dataset/borse-di-studio-2021-22-studenti-idonei-e-beneficiari-distinti-per-tipologia-e-fascia-di-reddito,46,20001,ADISU Puglia su dati.puglia.it (microdati borse di studio),M
2021/22,primo anno,pendolare,20001-23626.32,https://dati.puglia.it/ckan/dataset/borse-di-studio-2021-22-studenti-idonei-e-beneficiari-distinti-per-tipologia-e-fascia-di-reddito,334,20001,ADISU Puglia su dati.puglia.it (microdati borse di studio),M
2022/23,anni successivi,fuorisede,0-5000,https://dati.puglia.it/ckan/dataset/borse-di-studio-2022-23-studenti-idonei-e-beneficiari-distinti-per-tipologia-e-fascia-di-reddito,457,0,ADISU Puglia su dati.puglia.it (microdati borse di studio),M
2022/23,anni successivi,in sede,0-5000,https://dati.puglia.it/ckan/dataset/borse-di-studio-2022-23-studenti-idonei-e-beneficiari-distinti-per-tipologia-e-fascia-di-reddito,258,0,ADISU Puglia su dati.puglia.it (microdati borse di studio),M
2022/23,anni successivi,pendolare,0-5000,https://dati.puglia.it/ckan/dataset/borse-di-studio-2022-23-studenti-idonei-e-beneficiari-distinti-per-tipologia-e-fascia-di-reddito,1151,0,ADISU Puglia su dati.puglia.it (microdati borse di studio),M
2022/23,primo anno,fuorisede,0-5000,https://dati.puglia.it/ckan/dataset/borse-di-studio-2022-23-studenti-idonei-e-beneficiari-distinti-per-tipologia-e-fascia-di-reddito,215,0,ADISU Puglia su dati.puglia.it (microdati borse di studio),M
2022/23,primo anno,in sede,0-5000,https://dati.puglia.it/ckan/dataset/borse-di-studio-2022-23-studenti-idonei-e-beneficiari-distinti-per-tipologia-e-fascia-di-reddito,166,0,ADISU Puglia su dati.puglia.it (microdati borse di studio),M
2022/23,primo anno,pendolare,0-5000,https://dati.puglia.it/ckan/dataset/borse-di-studio-2022-23-studenti-idonei-e-beneficiari-distinti-per-tipologia-e-fascia-di-reddito,871,0,ADISU Puglia su dati.puglia.it (microdati borse di studio),M
2022/23,anni successivi,fuorisede,5001-10000,https://dati.puglia.it/ckan/dataset/borse-di-studio-2022-23-studenti-idonei-e-beneficiari-distinti-per-tipologia-e-fascia-di-reddito,736,5001,ADISU Puglia su dati.puglia.it (microdati borse di studio),M
2022/23,anni successivi,in sede,5001-10000,https://dati.puglia.it/ckan/dataset/borse-di-studio-2022-23-studenti-idonei-e-beneficiari-distinti-per-tipologia-e-fascia-di-reddito,425,5001,ADISU Puglia su dati.puglia.it (microdati borse di studio),M
2022/23,anni successivi,pendolare,5001-10000,https://dati.puglia.it/ckan/dataset/borse-di-studio-2022-23-studenti-idonei-e-beneficiari-distinti-per-tipologia-e-fascia-di-reddito,2167,5001,ADISU Puglia su dati.puglia.it (microdati borse di studio),M
2022/23,primo anno,fuorisede,5001-10000,https://dati.puglia.it/ckan/dataset/borse-di-studio-2022-23-studenti-idonei-e-beneficiari-distinti-per-tipologia-e-fascia-di-reddito,378,5001,ADISU Puglia su dati.puglia.it (microdati borse di studio),M
2022/23,primo anno,in sede,5001-10000,https://dati.puglia.it/ckan/dataset/borse-di-studio-2022-23-studenti-idonei-e-beneficiari-distinti-per-tipologia-e-fascia-di-reddito,233,5001,ADISU Puglia su dati.puglia.it (microdati borse di studio),M
2022/23,primo anno,pendolare,5001-10000,https://dati.puglia.it/ckan/dataset/borse-di-studio-2022-23-studenti-idonei-e-beneficiari-distinti-per-tipologia-e-fascia-di-reddito,1527,5001,ADISU Puglia su dati.puglia.it (microdati borse di studio),M
2022/23,anni successivi,fuorisede,10001-15000,https://dati.puglia.it/ckan/dataset/borse-di-studio-2022-23-studenti-idonei-e-beneficiari-distinti-per-tipologia-e-fascia-di-reddito,754,10001,ADISU Puglia su dati.puglia.it (microdati borse di studio),M
2022/23,anni successivi,in sede,10001-15000,https://dati.puglia.it/ckan/dataset/borse-di-studio-2022-23-studenti-idonei-e-beneficiari-distinti-per-tipologia-e-fascia-di-reddito,408,10001,ADISU Puglia su dati.puglia.it (microdati borse di studio),M
2022/23,anni successivi,pendolare,10001-15000,https://dati.puglia.it/ckan/dataset/borse-di-studio-2022-23-studenti-idonei-e-beneficiari-distinti-per-tipologia-e-fascia-di-reddito,2152,10001,ADISU Puglia su dati.puglia.it (microdati borse di studio),M
2022/23,primo anno,fuorisede,10001-15000,https://dati.puglia.it/ckan/dataset/borse-di-studio-2022-23-studenti-idonei-e-beneficiari-distinti-per-tipologia-e-fascia-di-reddito,388,10001,ADISU Puglia su dati.puglia.it (microdati borse di studio),M
2022/23,primo anno,in sede,10001-15000,https://dati.puglia.it/ckan/dataset/borse-di-studio-2022-23-studenti-idonei-e-beneficiari-distinti-per-tipologia-e-fascia-di-reddito,224,10001,ADISU Puglia su dati.puglia.it (microdati borse di studio),M
2022/23,primo anno,pendolare,10001-15000,https://dati.puglia.it/ckan/dataset/borse-di-studio-2022-23-studenti-idonei-e-beneficiari-distinti-per-tipologia-e-fascia-di-reddito,1409,10001,ADISU Puglia su dati.puglia.it (microdati borse di studio),M
2022/23,anni successivi,fuorisede,15001-20000,https://dati.puglia.it/ckan/dataset/borse-di-studio-2022-23-studenti-idonei-e-beneficiari-distinti-per-tipologia-e-fascia-di-reddito,490,15001,ADISU Puglia su dati.puglia.it (microdati borse di studio),M
2022/23,anni successivi,in sede,15001-20000,https://dati.puglia.it/ckan/dataset/borse-di-studio-2022-23-studenti-idonei-e-beneficiari-distinti-per-tipologia-e-fascia-di-reddito,305,15001,ADISU Puglia su dati.puglia.it (microdati borse di studio),M
2022/23,anni successivi,pendolare,15001-20000,https://dati.puglia.it/ckan/dataset/borse-di-studio-2022-23-studenti-idonei-e-beneficiari-distinti-per-tipologia-e-fascia-di-reddito,1529,15001,ADISU Puglia su dati.puglia.it (microdati borse di studio),M
2022/23,primo anno,fuorisede,15001-20000,https://dati.puglia.it/ckan/dataset/borse-di-studio-2022-23-studenti-idonei-e-beneficiari-distinti-per-tipologia-e-fascia-di-reddito,221,15001,ADISU Puglia su dati.puglia.it (microdati borse di studio),M
2022/23,primo anno,in sede,15001-20000,https://dati.puglia.it/ckan/dataset/borse-di-studio-2022-23-studenti-idonei-e-beneficiari-distinti-per-tipologia-e-fascia-di-reddito,153,15001,ADISU Puglia su dati.puglia.it (microdati borse di studio),M
2022/23,primo anno,pendolare,15001-20000,https://dati.puglia.it/ckan/dataset/borse-di-studio-2022-23-studenti-idonei-e-beneficiari-distinti-per-tipologia-e-fascia-di-reddito,883,15001,ADISU Puglia su dati.puglia.it (microdati borse di studio),M
2022/23,anni successivi,fuorisede,20001-23626.32,https://dati.puglia.it/ckan/dataset/borse-di-studio-2022-23-studenti-idonei-e-beneficiari-distinti-per-tipologia-e-fascia-di-reddito,203,20001,ADISU Puglia su dati.puglia.it (microdati borse di studio),M
2022/23,anni successivi,in sede,20001-23626.32,https://dati.puglia.it/ckan/dataset/borse-di-studio-2022-23-studenti-idonei-e-beneficiari-distinti-per-tipologia-e-fascia-di-reddito,143,20001,ADISU Puglia su dati.puglia.it (microdati borse di studio),M
2022/23,anni successivi,pendolare,20001-23626.32,https://dati.puglia.it/ckan/dataset/borse-di-studio-2022-23-studenti-idonei-e-beneficiari-distinti-per-tipologia-e-fascia-di-reddito,579,20001,ADISU Puglia su dati.puglia.it (microdati borse di studio),M
2022/23,primo anno,fuorisede,20001-23626.32,https://dati.puglia.it/ckan/dataset/borse-di-studio-2022-23-studenti-idonei-e-beneficiari-distinti-per-tipologia-e-fascia-di-reddito,85,20001,ADISU Puglia su dati.puglia.it (microdati borse di studio),M
2022/23,primo anno,in sede,20001-23626.32,https://dati.puglia.it/ckan/dataset/borse-di-studio-2022-23-studenti-idonei-e-beneficiari-distinti-per-tipologia-e-fascia-di-reddito,54,20001,ADISU Puglia su dati.puglia.it (microdati borse di studio),M
2022/23,primo anno,pendolare,20001-23626.32,https://dati.puglia.it/ckan/dataset/borse-di-studio-2022-23-studenti-idonei-e-beneficiari-distinti-per-tipologia-e-fascia-di-reddito,352,20001,ADISU Puglia su dati.puglia.it (microdati borse di studio),M
2023/24,anni successivi,fuorisede,0-5000,https://dati.puglia.it/ckan/dataset/borse-di-studio-2023-24-studenti-idonei-e-beneficiari-distinti-per-tipologia-e-fascia-di-reddito,400,0,ADISU Puglia su dati.puglia.it (microdati borse di studio),M
2023/24,anni successivi,in sede,0-5000,https://dati.puglia.it/ckan/dataset/borse-di-studio-2023-24-studenti-idonei-e-beneficiari-distinti-per-tipologia-e-fascia-di-reddito,204,0,ADISU Puglia su dati.puglia.it (microdati borse di studio),M
2023/24,anni successivi,pendolare,0-5000,https://dati.puglia.it/ckan/dataset/borse-di-studio-2023-24-studenti-idonei-e-beneficiari-distinti-per-tipologia-e-fascia-di-reddito,1007,0,ADISU Puglia su dati.puglia.it (microdati borse di studio),M
2023/24,primo anno,fuorisede,0-5000,https://dati.puglia.it/ckan/dataset/borse-di-studio-2023-24-studenti-idonei-e-beneficiari-distinti-per-tipologia-e-fascia-di-reddito,268,0,ADISU Puglia su dati.puglia.it (microdati borse di studio),M
2023/24,primo anno,in sede,0-5000,https://dati.puglia.it/ckan/dataset/borse-di-studio-2023-24-studenti-idonei-e-beneficiari-distinti-per-tipologia-e-fascia-di-reddito,131,0,ADISU Puglia su dati.puglia.it (microdati borse di studio),M
2023/24,primo anno,pendolare,0-5000,https://dati.puglia.it/ckan/dataset/borse-di-studio-2023-24-studenti-idonei-e-beneficiari-distinti-per-tipologia-e-fascia-di-reddito,663,0,ADISU Puglia su dati.puglia.it (microdati borse di studio),M
2023/24,anni successivi,fuorisede,5001-10000,https://dati.puglia.it/ckan/dataset/borse-di-studio-2023-24-studenti-idonei-e-beneficiari-distinti-per-tipologia-e-fascia-di-reddito,791,5001,ADISU Puglia su dati.puglia.it (microdati borse di studio),M
2023/24,anni successivi,in sede,5001-10000,https://dati.puglia.it/ckan/dataset/borse-di-studio-2023-24-studenti-idonei-e-beneficiari-distinti-per-tipologia-e-fascia-di-reddito,445,5001,ADISU Puglia su dati.puglia.it (microdati borse di studio),M
2023/24,anni successivi,pendolare,5001-10000,https://dati.puglia.it/ckan/dataset/borse-di-studio-2023-24-studenti-idonei-e-beneficiari-distinti-per-tipologia-e-fascia-di-reddito,2217,5001,ADISU Puglia su dati.puglia.it (microdati borse di studio),M
2023/24,primo anno,fuorisede,5001-10000,https://dati.puglia.it/ckan/dataset/borse-di-studio-2023-24-studenti-idonei-e-beneficiari-distinti-per-tipologia-e-fascia-di-reddito,454,5001,ADISU Puglia su dati.puglia.it (microdati borse di studio),M
2023/24,primo anno,in sede,5001-10000,https://dati.puglia.it/ckan/dataset/borse-di-studio-2023-24-studenti-idonei-e-beneficiari-distinti-per-tipologia-e-fascia-di-reddito,224,5001,ADISU Puglia su dati.puglia.it (microdati borse di studio),M
2023/24,primo anno,pendolare,5001-10000,https://dati.puglia.it/ckan/dataset/borse-di-studio-2023-24-studenti-idonei-e-beneficiari-distinti-per-tipologia-e-fascia-di-reddito,1447,5001,ADISU Puglia su dati.puglia.it (microdati borse di studio),M
2023/24,anni successivi,fuorisede,10001-15000,https://dati.puglia.it/ckan/dataset/borse-di-studio-2023-24-studenti-idonei-e-beneficiari-distinti-per-tipologia-e-fascia-di-reddito,842,10001,ADISU Puglia su dati.puglia.it (microdati borse di studio),M
2023/24,anni successivi,in sede,10001-15000,https://dati.puglia.it/ckan/dataset/borse-di-studio-2023-24-studenti-idonei-e-beneficiari-distinti-per-tipologia-e-fascia-di-reddito,436,10001,ADISU Puglia su dati.puglia.it (microdati borse di studio),M
2023/24,anni successivi,pendolare,10001-15000,https://dati.puglia.it/ckan/dataset/borse-di-studio-2023-24-studenti-idonei-e-beneficiari-distinti-per-tipologia-e-fascia-di-reddito,2355,10001,ADISU Puglia su dati.puglia.it (microdati borse di studio),M
2023/24,primo anno,fuorisede,10001-15000,https://dati.puglia.it/ckan/dataset/borse-di-studio-2023-24-studenti-idonei-e-beneficiari-distinti-per-tipologia-e-fascia-di-reddito,383,10001,ADISU Puglia su dati.puglia.it (microdati borse di studio),M
2023/24,primo anno,in sede,10001-15000,https://dati.puglia.it/ckan/dataset/borse-di-studio-2023-24-studenti-idonei-e-beneficiari-distinti-per-tipologia-e-fascia-di-reddito,215,10001,ADISU Puglia su dati.puglia.it (microdati borse di studio),M
2023/24,primo anno,pendolare,10001-15000,https://dati.puglia.it/ckan/dataset/borse-di-studio-2023-24-studenti-idonei-e-beneficiari-distinti-per-tipologia-e-fascia-di-reddito,1544,10001,ADISU Puglia su dati.puglia.it (microdati borse di studio),M
2023/24,anni successivi,fuorisede,15001-20000,https://dati.puglia.it/ckan/dataset/borse-di-studio-2023-24-studenti-idonei-e-beneficiari-distinti-per-tipologia-e-fascia-di-reddito,555,15001,ADISU Puglia su dati.puglia.it (microdati borse di studio),M
2023/24,anni successivi,in sede,15001-20000,https://dati.puglia.it/ckan/dataset/borse-di-studio-2023-24-studenti-idonei-e-beneficiari-distinti-per-tipologia-e-fascia-di-reddito,371,15001,ADISU Puglia su dati.puglia.it (microdati borse di studio),M
2023/24,anni successivi,pendolare,15001-20000,https://dati.puglia.it/ckan/dataset/borse-di-studio-2023-24-studenti-idonei-e-beneficiari-distinti-per-tipologia-e-fascia-di-reddito,1960,15001,ADISU Puglia su dati.puglia.it (microdati borse di studio),M
2023/24,primo anno,fuorisede,15001-20000,https://dati.puglia.it/ckan/dataset/borse-di-studio-2023-24-studenti-idonei-e-beneficiari-distinti-per-tipologia-e-fascia-di-reddito,265,15001,ADISU Puglia su dati.puglia.it (microdati borse di studio),M
2023/24,primo anno,in sede,15001-20000,https://dati.puglia.it/ckan/dataset/borse-di-studio-2023-24-studenti-idonei-e-beneficiari-distinti-per-tipologia-e-fascia-di-reddito,140,15001,ADISU Puglia su dati.puglia.it (microdati borse di studio),M
2023/24,primo anno,pendolare,15001-20000,https://dati.puglia.it/ckan/dataset/borse-di-studio-2023-24-studenti-idonei-e-beneficiari-distinti-per-tipologia-e-fascia-di-reddito,1050,15001,ADISU Puglia su dati.puglia.it (microdati borse di studio),M
2023/24,anni successivi,fuorisede,20001-25000,https://dati.puglia.it/ckan/dataset/borse-di-studio-2023-24-studenti-idonei-e-beneficiari-distinti-per-tipologia-e-fascia-di-reddito,305,20001,ADISU Puglia su dati.puglia.it (microdati borse di studio),M
2023/24,anni successivi,in sede,20001-25000,https://dati.puglia.it/ckan/dataset/borse-di-studio-2023-24-studenti-idonei-e-beneficiari-distinti-per-tipologia-e-fascia-di-reddito,249,20001,ADISU Puglia su dati.puglia.it (microdati borse di studio),M
2023/24,anni successivi,pendolare,20001-25000,https://dati.puglia.it/ckan/dataset/borse-di-studio-2023-24-studenti-idonei-e-beneficiari-distinti-per-tipologia-e-fascia-di-reddito,997,20001,ADISU Puglia su dati.puglia.it (microdati borse di studio),M
2023/24,primo anno,fuorisede,20001-25000,https://dati.puglia.it/ckan/dataset/borse-di-studio-2023-24-studenti-idonei-e-beneficiari-distinti-per-tipologia-e-fascia-di-reddito,156,20001,ADISU Puglia su dati.puglia.it (microdati borse di studio),M
2023/24,primo anno,in sede,20001-25000,https://dati.puglia.it/ckan/dataset/borse-di-studio-2023-24-studenti-idonei-e-beneficiari-distinti-per-tipologia-e-fascia-di-reddito,97,20001,ADISU Puglia su dati.puglia.it (microdati borse di studio),M
2023/24,primo anno,pendolare,20001-25000,https://dati.puglia.it/ckan/dataset/borse-di-studio-2023-24-studenti-idonei-e-beneficiari-distinti-per-tipologia-e-fascia-di-reddito,514,20001,ADISU Puglia su dati.puglia.it (microdati borse di studio),M
