comune,codice_istat,provincia,lat,lon,popolazione
Accadia,071001,FG,41.15812,15.33092,2418
Acquaviva delle Fonti,072001,BA,40.89657,16.84189,21038
Adelfia,072002,BA,41.00183,16.872,17101
Alberobello,072003,BA,40.78373,17.23753,10924
Alberona,071002,FG,41.43048,15.12428,1002
Alessano,075002,LE,39.88496,18.33718,6480
Alezio,075003,LE,40.06011,18.06223,5611
Alliste,075004,LE,39.94751,18.08951,6657
Altamura,072004,BA,40.82794,16.55231,69529
Andrano,075005,LE,39.98359,18.38681,4962
Andria,110001,BT,41.22705,16.29521,100052
Anzano di Puglia,071003,FG,41.11957,15.29034,1617
Apricena,071004,FG,41.7854,15.44324,13435
Aradeo,075006,LE,40.1277,18.13479,9755
Arnesano,075007,LE,40.33536,18.08966,3953
Ascoli Satriano,071005,FG,41.20815,15.56027,6194
Avetrana,073001,TA,40.34863,17.72554,7024
Bagnolo del Salento,075008,LE,40.14817,18.35271,1879
Bari,072006,BA,41.1256,16.86737,315933
Barletta,110002,BT,41.31956,16.27718,94239
Biccari,071006,FG,41.39744,15.1945,2872
Binetto,072008,BA,41.0242,16.70846,2162
Bisceglie,110003,BT,41.24246,16.50261,54678
Bitetto,072010,BA,41.03868,16.74785,11799
Bitonto,072011,BA,41.11002,16.69432,56258
Bitritto,072012,BA,41.04107,16.8258,10878
Botrugno,075009,LE,40.06444,18.32464,2851
Bovino,071007,FG,41.24924,15.34167,3562
Brindisi,074001,BR,40.63849,17.94602,88812
Cagnano Varano,071008,FG,41.82868,15.7726,7451
Calimera,075010,LE,40.25121,18.28006,7264
Campi Salentina,075011,LE,40.39918,18.0203,10760
Candela,071009,FG,41.13773,15.51396,2693
Cannole,075012,LE,40.16786,18.36351,1754
Canosa di Puglia,110004,BT,41.22539,16.06264,30422
Caprarica di Lecce,075013,LE,40.26289,18.24503,2582
Capurso,072014,BA,41.04789,16.92021,15396
Carapelle,071010,FG,41.36284,15.69371,6524
Carlantino,071011,FG,41.59229,14.97663,1040
Carmiano,075014,LE,40.34555,18.04547,12096
Carosino,073002,TA,40.466,17.39806,6832
Carovigno,074002,BR,40.7071,17.65939,15896
Carpignano Salentino,075015,LE,40.19794,18.34057,3685
Carpino,071012,FG,41.84463,15.85563,4305
Casalnuovo Monterotaro,071013,FG,41.61838,15.1024,1663
Casalvecchio di Puglia,071014,FG,41.59579,15.11095,1939
Casamassima,072015,BA,40.95538,16.91807,19246
Casarano,075016,LE,40.00917,18.16107,20489
Cassano delle Murge,072016,BA,40.88973,16.77175,14270
Castellana Grotte,072017,BA,40.8825,17.16979,19340
Castellaneta,073003,TA,40.63026,16.93207,17125
Castelluccio Valmaggiore,071016,FG,41.34311,15.20333,1331
Castelluccio dei Sauri,071015,FG,41.3041,15.47395,2119
Castelnuovo della Daunia,071017,FG,41.58268,15.11835,1557
Castri di Lecce,075017,LE,40.27267,18.2668,2975
Castrignano de' Greci,075018,LE,40.17485,18.29525,4070
Castrignano del Capo,075019,LE,39.82938,18.35352,5334
Cavallino,075020,LE,40.31567,18.1945,11913
Ceglie Messapica,074003,BR,40.64697,17.51709,20209
Celenza Valfortore,071018,FG,41.56213,14.97751,1724
Cellamare,072018,BA,41.01842,16.92907,5491
Celle di San Vito,071019,FG,41.32507,15.18122,172
Cellino San Marco,074004,BR,40.47428,17.96964,6799
Cerignola,071020,FG,41.26522,15.90368,56653
Chieuti,071021,FG,41.84448,15.16543,1772
Cisternino,074005,BR,40.73932,17.42571,11745
Collepasso,075021,LE,40.07321,18.16294,6352
Conversano,072019,BA,40.96609,17.11524,25683
Copertino,075022,LE,40.27186,18.04782,23870
Corato,072020,BA,41.1538,16.41327,48072
Corigliano d'Otranto,075023,LE,40.15991,18.26175,5771
Corsano,075024,LE,39.88968,18.3697,5632
Crispiano,073004,TA,40.60523,17.23103,13568
Cursi,075025,LE,40.15011,18.3141,4251
Cutrofiano,075026,LE,40.12722,18.19991,9182
Deliceto,071022,FG,41.22268,15.38733,3919
Diso,075027,LE,40.00822,18.38717,3073
Erchie,074006,BR,40.43843,17.73261,8772
Faeto,071023,FG,41.32324,15.16122,644
Faggiano,073005,TA,40.42158,17.3886,3540
Fasano,074007,BR,40.8344,17.35899,39482
Foggia,071024,FG,41.46227,15.54305,147036
Fragagnano,073006,TA,40.4319,17.47455,5353
Francavilla Fontana,074008,BR,40.53288,17.58338,36955
Gagliano del Capo,075028,LE,39.84653,18.36948,5402
Galatina,075029,LE,40.17396,18.17228,27214
Galatone,075030,LE,40.14845,18.07168,15754
Gallipoli,075031,LE,40.05318,17.97423,20398
Ginosa,073007,TA,40.57761,16.75757,22582
Gioia del Colle,072021,BA,40.80069,16.92407,27889
Giovinazzo,072022,BA,41.18811,16.67262,20433
Giuggianello,075032,LE,40.09395,18.36869,1249
Giurdignano,075033,LE,40.12374,18.43113,1928
Gravina in Puglia,072023,BA,40.81941,16.41621,43614
Grottaglie,073008,TA,40.53345,17.42624,32503
Grumo Appula,072024,BA,41.01221,16.71065,12940
Guagnano,075034,LE,40.40343,17.94936,5900
Ischitella,071025,FG,41.90431,15.89974,4316
Isole Tremiti,071026,FG,42.12042,15.50437,455
Laterza,073009,TA,40.62248,16.79904,15296
Latiano,074009,BR,40.55458,17.71636,15045
Lecce,075035,LE,40.35354,18.17191,89916
Leporano,073010,TA,40.38387,17.33264,7802
Lequile,075036,LE,40.30715,18.14099,8624
Lesina,071027,FG,41.86339,15.35506,6319
Leverano,075037,LE,40.28662,17.99624,14069
Lizzanello,075038,LE,40.30354,18.22214,11549
Lizzano,073011,TA,40.39057,17.44884,10238
Locorotondo,072025,BA,40.75238,17.32662,14161
Lucera,071028,FG,41.50615,15.33296,34333
Maglie,075039,LE,40.12102,18.29886,14819
Manduria,073012,TA,40.39897,17.63431,30921
Manfredonia,071029,FG,41.62847,15.91921,56257
Margherita di Savoia,110005,BT,41.37262,16.14889,12193
Martano,075040,LE,40.20384,18.30121,9320
Martignano,075041,LE,40.23748,18.25893,1730
Martina Franca,073013,TA,40.70493,17.33897,49009
Maruggio,073014,TA,40.31997,17.57036,5411
Massafra,073015,TA,40.5882,17.11246,32381
Matino,075042,LE,40.03264,18.13411,11704
Mattinata,071031,FG,41.71053,16.05144,6360
Melendugno,075043,LE,40.26684,18.33705,9646
Melissano,075044,LE,39.97355,18.12362,7307
Melpignano,075045,LE,40.15476,18.28945,2209
Mesagne,074010,BR,40.55459,17.80858,27753
Miggiano,075046,LE,39.96507,18.30685,3684
Minervino Murge,110006,BT,41.08919,16.07967,9333
Minervino di Lecce,075047,LE,40.0926,18.42237,3729
Modugno,072027,BA,41.0827,16.78027,37532
Mola di Bari,072028,BA,41.06093,17.08172,25567
Molfetta,072029,BA,41.20503,16.60063,60433
Monopoli,072030,BA,40.95258,17.3021,48529
Monte Sant'Angelo,071033,FG,41.70618,15.95813,13098
Monteiasi,073016,TA,40.50212,17.37904,5522
Monteleone di Puglia,071032,FG,41.16479,15.26002,1067
Montemesola,073017,TA,40.5623,17.3354,4088
Monteparano,073018,TA,40.4441,17.4137,2395
Monteroni di Lecce,075048,LE,40.32882,18.09755,13881
Montesano Salentino,075049,LE,39.97592,18.32186,2677
Morciano di Leuca,075050,LE,39.84697,18.3114,3416
Motta Montecorvino,071034,FG,41.50734,15.11338,768
Mottola,073019,TA,40.63321,17.03829,16241
Muro Leccese,075051,LE,40.09999,18.33935,5091
Nardò,075052,LE,40.17594,18.0312,31688
Neviano,075053,LE,40.10543,18.11905,5514
Noci,072031,BA,40.79482,17.12248,19285
Nociglia,075054,LE,40.03625,18.33034,2456
Noicattaro,072032,BA,41.0339,16.98484,25710
Novoli,075055,LE,40.37587,18.04878,8211
Ordona,071063,FG,41.31537,15.62856,2654
Oria,074011,BR,40.50271,17.64607,15228
Orsara di Puglia,071035,FG,41.28115,15.26581,2914
Orta Nova,071036,FG,41.32606,15.70726,16999
Ortelle,075056,LE,40.03424,18.39302,2359
Ostuni,074012,BR,40.7322,17.57783,31860
Otranto,075057,LE,40.14635,18.49114,5622
Palagianello,073020,TA,40.61116,16.97802,7854
Palagiano,073021,TA,40.57851,17.0372,16052
Palmariggi,075058,LE,40.13163,18.38131,1554
Palo del Colle,072033,BA,41.05665,16.70401,21555
Panni,071037,FG,41.22026,15.27708,858
Parabita,075059,LE,40.04541,18.1266,9323
Patù,075060,LE,39.83965,18.33874,1721
Peschici,071038,FG,41.9466,16.01572,4197
Pietramontecorvino,071039,FG,41.54313,15.12978,2745
Poggiardo,075061,LE,40.05343,18.37686,6119
Poggio Imperiale,071040,FG,41.8219,15.36586,2819
Poggiorsini,072034,BA,40.91494,16.25245,1418
Polignano a Mare,072035,BA,40.99216,17.21913,17567
Porto Cesareo,075097,LE,40.26035,17.89966,5448
Pulsano,073022,TA,40.38297,17.3525,11062
Putignano,072036,BA,40.84964,17.1191,27083
Racale,075063,LE,39.95746,18.0906,10734
Rignano Garganico,071041,FG,41.67717,15.58785,2200
Roccaforzata,073023,TA,40.43769,17.38887,1823
Rocchetta Sant'Antonio,071042,FG,41.10279,15.45988,1954
Rodi Garganico,071043,FG,41.92814,15.88123,3663
Roseto Valfortore,071044,FG,41.37073,15.09485,1149
Ruffano,075064,LE,39.98357,18.2468,9854
Rutigliano,072037,BA,41.01072,17.00799,18418
Ruvo di Puglia,072038,BA,41.117,16.48485,25662
Salice Salentino,075065,LE,40.38483,17.96517,8642
Salve,075066,LE,39.86183,18.29408,4737
Sammichele di Bari,072039,BA,40.8879,16.95448,6715
San Cassiano,075095,LE,40.05392,18.32998,2105
San Cesario di Lecce,075068,LE,40.30187,18.16031,8297
San Donaci,074013,BR,40.44678,17.92215,6869
San Donato di Lecce,075069,LE,40.26813,18.18352,5792
San Ferdinando di Puglia,110007,BT,41.30079,16.06884,13916
San Giorgio Ionico,073024,TA,40.45939,17.38354,15676
San Giovanni Rotondo,071046,FG,41.70781,15.72664,27329
San Marco in Lamis,071047,FG,41.71296,15.63843,14218
San Marco la Catola,071048,FG,41.5257,15.00632,1082
San Marzano di San Giuseppe,073025,TA,40.45095,17.50559,9269
San Michele Salentino,074014,BR,40.62901,17.63151,6371
San Nicandro Garganico,071049,FG,41.83891,15.56128,15927
San Pancrazio Salentino,074015,BR,40.41722,17.83835,10289
San Paolo di Civitate,071050,FG,41.74075,15.2589,5935
San Pietro Vernotico,074016,BR,40.48837,17.99717,13974
San Pietro in Lama,075071,LE,40.30916,18.13187,3600
San Severo,071051,FG,41.68587,15.38074,54906
San Vito dei Normanni,074017,BR,40.65646,17.70328,19620
Sanarica,075067,LE,40.08763,18.34938,1503
Sannicandro di Bari,072040,BA,41.00069,16.79941,9713
Sannicola,075070,LE,40.09387,18.06406,5902
Sant'Agata di Puglia,071052,FG,41.15032,15.37939,2096
Santa Cesarea Terme,075072,LE,40.03786,18.46336,3032
Santeramo in Colle,072041,BA,40.79462,16.75254,26770
Sava,073026,TA,40.40332,17.55623,16501
Scorrano,075073,LE,40.09008,18.29836,6975
Seclì,075074,LE,40.13157,18.10496,1923
Serracapriola,071053,FG,41.81008,15.16195,4069
Sogliano Cavour,075075,LE,40.14623,18.19941,4065
Soleto,075076,LE,40.18758,18.20719,5542
Specchia,075077,LE,39.93884,18.29608,4807
Spinazzola,110008,BT,40.96944,16.08927,6755
Spongano,075078,LE,40.01313,18.36379,3742
Squinzano,075079,LE,40.43444,18.04582,14482
Statte,073029,TA,40.56357,17.20062,14194
Sternatia,075080,LE,40.22165,18.22385,2426
Stornara,071054,FG,41.28816,15.76781,5306
Stornarella,071055,FG,41.25638,15.73022,5022
Supersano,075081,LE,40.02006,18.23893,4509
Surano,075082,LE,40.02834,18.34162,1698
Surbo,075083,LE,40.39755,18.13159,14849
Taranto,073027,TA,40.47355,17.23238,200154
Taurisano,075084,LE,39.95562,18.21438,12643
Taviano,075085,LE,39.98299,18.08849,12492
Terlizzi,072043,BA,41.13091,16.54213,26986
Tiggiano,075086,LE,39.90279,18.36723,2931
Torchiarolo,074018,BR,40.48028,18.05525,5461
Toritto,072044,BA,40.99582,16.67887,8551
Torre Santa Susanna,074019,BR,40.46385,17.74281,10703
Torremaggiore,071056,FG,41.69049,15.28697,17365
Torricella,073028,TA,40.355,17.50175,4233
Trani,110009,BT,41.27409,16.41722,55842
Trepuzzi,075087,LE,40.40516,18.07369,14277
Tricase,075088,LE,39.93495,18.35076,17665
Triggiano,072046,BA,41.06531,16.92503,27007
Trinitapoli,110010,BT,41.35957,16.08555,14293
Troia,071058,FG,41.36167,15.30811,7330
Tuglie,075089,LE,40.07018,18.10299,5264
Turi,072047,BA,40.91562,17.01911,12748
Ugento,075090,LE,39.92857,18.16168,12001
Uggiano la Chiesa,075091,LE,40.09952,18.45399,4479
Valenzano,072048,BA,41.04215,16.88758,17897
Veglie,075092,LE,40.33506,17.96574,14304
Vernole,075093,LE,40.28846,18.29874,7296
Vico del Gargano,071059,FG,41.89687,15.95552,7861
Vieste,071060,FG,41.88161,16.18063,13271
Villa Castelli,074020,BR,40.57717,17.47589,8958
Volturara Appula,071061,FG,41.49501,15.05176,481
Volturino,071062,FG,41.47818,15.12438,1781
Zapponeta,071064,FG,41.45582,15.95523,3326
Zollino,075094,LE,40.20523,18.25138,2058
