id,ateneo,nome,classe,tipo,durata_legale,citta_sede,stem,codicione,laureati_2025,eta_media_laurea,durata_media_anni,perc_in_corso,perc_fc1,perc_fc2,perc_fc3,perc_fc4,perc_fc5plus,indice_ritardo,occ_1anno,retr_1anno,intervistati_1anno,iscritti_lm_1anno,occ_3anni,retr_3anni,intervistati_3anni,occ_5anni,retr_5anni,intervistati_5anni,soddisfazione,fonte_profilo,fonte_occupazione,anno_dati,tipo_dato,nota
UB-INF-L,UNIBA,Informatica (sede di Bari),L-31,L,3,Bari,1,0720106203100010,166,23.7,4.3,45.8,26.5,8.4,13.3,0.6,5.4,0.43,57.7,1326,89,50.7,,,,,,,86.4,https://statistiche.almalaurea.it/cgi-php/universita/statistiche/visualizza.php?anno=2025&corstipo=L&ateneo=tutti&facolta=tutti&gruppo=tutti&classe=tutti&postcorso=0720106203100010&LANG=it&CONFIG=profilo,https://statistiche.almalaurea.it/universita/statistiche/trasparenza?codicione=0720106203100010,"Profilo laureati 2025; Occupazione indagine 2025 (laureati 2024 a 1 anno, 2022 a 3 anni, 2020 a 5 anni)",M,occupazione a 1 anno: la maggior parte prosegue con la magistrale (vedi iscritti_lm_1anno)
UB-INF-LM,UNIBA,Computer science - Informatica,LM-18,LM,2,Bari,1,0720107301900002,42,26.9,2.9,64.3,19.0,7.1,7.1,0.0,2.4,0.46,100.0,1459,22,,100.0,1722,18,100.0,1896,15,83.3,https://statistiche.almalaurea.it/cgi-php/universita/statistiche/visualizza.php?anno=2025&corstipo=LS&ateneo=tutti&facolta=tutti&gruppo=tutti&classe=tutti&postcorso=0720107301900002&LANG=it&CONFIG=profilo,https://statistiche.almalaurea.it/universita/statistiche/trasparenza?codicione=0720107301900002,"Profilo laureati 2025; Occupazione indagine 2025 (laureati 2024 a 1 anno, 2022 a 3 anni, 2020 a 5 anni)",M,
UB-ECO-L,UNIBA,Economia e commercio,L-33,L,3,Bari,0,0720106203300001,198,23.7,4.0,52.0,23.2,12.6,6.1,3.5,2.5,0.33,30.4,1027,142,80.4,,,,,,,87.6,https://statistiche.almalaurea.it/cgi-php/universita/statistiche/visualizza.php?anno=2025&corstipo=L&ateneo=tutti&facolta=tutti&gruppo=tutti&classe=tutti&postcorso=0720106203300001&LANG=it&CONFIG=profilo,https://statistiche.almalaurea.it/universita/statistiche/trasparenza?codicione=0720106203300001,"Profilo laureati 2025; Occupazione indagine 2025 (laureati 2024 a 1 anno, 2022 a 3 anni, 2020 a 5 anni)",M,occupazione a 1 anno: la maggior parte prosegue con la magistrale (vedi iscritti_lm_1anno)
UB-ECO-LM,UNIBA,"Economia, finanza e impresa",LM-56,LM,2,Bari,0,0720107305700001,43,26.6,2.8,62.8,18.6,7.0,9.3,2.3,0.0,0.42,81.0,1391,26,,100.0,1493,35,100.0,1678,24,88.4,https://statistiche.almalaurea.it/cgi-php/universita/statistiche/visualizza.php?anno=2025&corstipo=LS&ateneo=tutti&facolta=tutti&gruppo=tutti&classe=tutti&postcorso=0720107305700001&LANG=it&CONFIG=profilo,https://statistiche.almalaurea.it/universita/statistiche/trasparenza?codicione=0720107305700001,"Profilo laureati 2025; Occupazione indagine 2025 (laureati 2024 a 1 anno, 2022 a 3 anni, 2020 a 5 anni)",M,
UB-BIO-L,UNIBA,Scienze biologiche,L-13,L,3,Bari,1,0720106201300006,112,23.7,4.6,39.3,23.2,19.6,5.4,5.4,7.1,0.53,5.7,1038,57,91.4,,,,,,,91.1,https://statistiche.almalaurea.it/cgi-php/universita/statistiche/visualizza.php?anno=2025&corstipo=L&ateneo=tutti&facolta=tutti&gruppo=tutti&classe=tutti&postcorso=0720106201300006&LANG=it&CONFIG=profilo,https://statistiche.almalaurea.it/universita/statistiche/trasparenza?codicione=0720106201300006,"Profilo laureati 2025; Occupazione indagine 2025 (laureati 2024 a 1 anno, 2022 a 3 anni, 2020 a 5 anni)",M,occupazione a 1 anno: la maggior parte prosegue con la magistrale (vedi iscritti_lm_1anno)
UB-BIO-LM,UNIBA,Biologia cellulare e molecolare,LM-6,LM,2,Bari,1,0720107300700004,19,27.6,2.9,57.9,26.3,10.5,0.0,0.0,5.3,0.46,100.0,1276,7,,100.0,1334,7,91.7,1694,12,90.9,https://statistiche.almalaurea.it/cgi-php/universita/statistiche/visualizza.php?anno=2025&corstipo=LS&ateneo=tutti&facolta=tutti&gruppo=tutti&classe=tutti&postcorso=0720107300700004&LANG=it&CONFIG=profilo,https://statistiche.almalaurea.it/universita/statistiche/trasparenza?codicione=0720107300700004,"Profilo laureati 2025; Occupazione indagine 2025 (laureati 2024 a 1 anno, 2022 a 3 anni, 2020 a 5 anni)",M,
UB-GIU,UNIBA,Giurisprudenza (sede di Bari),LMG/01,LMCU,5,Bari,0,0720107051400001,223,26.4,7.1,47.5,13.9,11.7,9.4,4.0,13.5,0.41,49.6,852,167,,77.4,1568,171,88.9,1827,201,95.7,https://statistiche.almalaurea.it/cgi-php/universita/statistiche/visualizza.php?anno=2025&corstipo=LSE&ateneo=tutti&facolta=tutti&gruppo=tutti&classe=tutti&postcorso=0720107051400001&LANG=it&CONFIG=profilo,https://statistiche.almalaurea.it/universita/statistiche/trasparenza?codicione=0720107051400001,"Profilo laureati 2025; Occupazione indagine 2025 (laureati 2024 a 1 anno, 2022 a 3 anni, 2020 a 5 anni)",M,
PB-INF-L,POLIBA,Ingegneria informatica e dell'automazione,L-8,L,3,Bari,1,0720206200800001,236,23.3,4.0,60.2,16.9,9.7,5.5,3.0,4.7,0.34,28.6,1155,152,89.7,,,,,,,92.7,https://statistiche.almalaurea.it/cgi-php/universita/statistiche/visualizza.php?anno=2025&corstipo=L&ateneo=tutti&facolta=tutti&gruppo=tutti&classe=tutti&postcorso=0720206200800001&LANG=it&CONFIG=profilo,https://statistiche.almalaurea.it/universita/statistiche/trasparenza?codicione=0720206200800001,"Profilo laureati 2025; Occupazione indagine 2025 (laureati 2024 a 1 anno, 2022 a 3 anni, 2020 a 5 anni)",M,occupazione a 1 anno: la maggior parte prosegue con la magistrale (vedi iscritti_lm_1anno)
PB-INF-LM,POLIBA,Ingegneria informatica - Computer science engineering,LM-32,LM,2,Bari,1,0720207303300001,44,25.9,2.9,52.3,38.6,2.3,4.5,2.3,0.0,0.43,95.5,1670,32,,100.0,1922,30,96.0,2037,30,90.6,https://statistiche.almalaurea.it/cgi-php/universita/statistiche/visualizza.php?anno=2025&corstipo=LS&ateneo=tutti&facolta=tutti&gruppo=tutti&classe=tutti&postcorso=0720207303300001&LANG=it&CONFIG=profilo,https://statistiche.almalaurea.it/universita/statistiche/trasparenza?codicione=0720207303300001,"Profilo laureati 2025; Occupazione indagine 2025 (laureati 2024 a 1 anno, 2022 a 3 anni, 2020 a 5 anni)",M,
PB-CIV-L,POLIBA,Ingegneria civile e ambientale,L-7,L,3,Bari,1,0720206200700004,78,23.9,4.8,42.3,17.9,14.1,14.1,5.1,6.4,0.60,17.4,979,59,91.3,,,,,,,95.5,https://statistiche.almalaurea.it/cgi-php/universita/statistiche/visualizza.php?anno=2025&corstipo=L&ateneo=tutti&facolta=tutti&gruppo=tutti&classe=tutti&postcorso=0720206200700004&LANG=it&CONFIG=profilo,https://statistiche.almalaurea.it/universita/statistiche/trasparenza?codicione=0720206200700004,"Profilo laureati 2025; Occupazione indagine 2025 (laureati 2024 a 1 anno, 2022 a 3 anni, 2020 a 5 anni)",M,"corso erogato a Bari, Foggia, Taranto: dati aggregati; occupazione a 1 anno: la maggior parte prosegue con la magistrale (vedi iscritti_lm_1anno)"
PB-CIV-LM,POLIBA,Ingegneria civile,LM-23,LM,2,Bari,1,0720207302400001,37,28.0,3.4,37.8,40.5,10.8,8.1,0.0,2.7,0.71,90.0,1565,42,,100.0,1777,53,100.0,2049,58,100.0,https://statistiche.almalaurea.it/cgi-php/universita/statistiche/visualizza.php?anno=2025&corstipo=LS&ateneo=tutti&facolta=tutti&gruppo=tutti&classe=tutti&postcorso=0720207302400001&LANG=it&CONFIG=profilo,https://statistiche.almalaurea.it/universita/statistiche/trasparenza?codicione=0720207302400001,"Profilo laureati 2025; Occupazione indagine 2025 (laureati 2024 a 1 anno, 2022 a 3 anni, 2020 a 5 anni)",M,
PB-GES-L,POLIBA,Ingegneria gestionale,L-9,L,3,Bari,1,0720206200900003,263,23.1,3.8,62.4,21.7,6.8,4.6,1.9,2.7,0.27,21.5,985,153,93.5,,,,,,,93.8,https://statistiche.almalaurea.it/cgi-php/universita/statistiche/visualizza.php?anno=2025&corstipo=L&ateneo=tutti&facolta=tutti&gruppo=tutti&classe=tutti&postcorso=0720206200900003&LANG=it&CONFIG=profilo,https://statistiche.almalaurea.it/universita/statistiche/trasparenza?codicione=0720206200900003,"Profilo laureati 2025; Occupazione indagine 2025 (laureati 2024 a 1 anno, 2022 a 3 anni, 2020 a 5 anni)",M,occupazione a 1 anno: la maggior parte prosegue con la magistrale (vedi iscritti_lm_1anno)
PB-GES-LM,POLIBA,Ingegneria gestionale,LM-31,LM,2,Bari,1,0720207303200001,167,25.9,2.7,63.5,25.7,6.6,1.8,1.2,1.2,0.36,97.8,1623,141,,95.8,1771,101,100.0,1938,107,95.9,https://statistiche.almalaurea.it/cgi-php/universita/statistiche/visualizza.php?anno=2025&corstipo=LS&ateneo=tutti&facolta=tutti&gruppo=tutti&classe=tutti&postcorso=0720207303200001&LANG=it&CONFIG=profilo,https://statistiche.almalaurea.it/universita/statistiche/trasparenza?codicione=0720207303200001,"Profilo laureati 2025; Occupazione indagine 2025 (laureati 2024 a 1 anno, 2022 a 3 anni, 2020 a 5 anni)",M,
US-ECO-L,UNISALENTO,Economia aziendale,L-18,L,3,Lecce,0,0750106201800002,128,24.3,4.9,29.7,25.8,20.3,9.4,3.9,10.9,0.62,23.1,1209,71,84.6,,,,,,,91.9,https://statistiche.almalaurea.it/cgi-php/universita/statistiche/visualizza.php?anno=2025&corstipo=L&ateneo=tutti&facolta=tutti&gruppo=tutti&classe=tutti&postcorso=0750106201800002&LANG=it&CONFIG=profilo,https://statistiche.almalaurea.it/universita/statistiche/trasparenza?codicione=0750106201800002,"Profilo laureati 2025; Occupazione indagine 2025 (laureati 2024 a 1 anno, 2022 a 3 anni, 2020 a 5 anni)",M,occupazione a 1 anno: la maggior parte prosegue con la magistrale (vedi iscritti_lm_1anno)
US-ECO-LM,UNISALENTO,"Management, controllo e finanza con IA",LM-77,LM,2,Lecce,0,0750107307800001,103,26.5,2.5,75.7,16.5,3.9,1.9,1.9,0.0,0.24,82.2,1371,65,,95.0,1585,56,97.3,1702,45,96.6,https://statistiche.almalaurea.it/cgi-php/universita/statistiche/visualizza.php?anno=2025&corstipo=LS&ateneo=tutti&facolta=tutti&gruppo=tutti&classe=tutti&postcorso=0750107307800001&LANG=it&CONFIG=profilo,https://statistiche.almalaurea.it/universita/statistiche/trasparenza?codicione=0750107307800001,"Profilo laureati 2025; Occupazione indagine 2025 (laureati 2024 a 1 anno, 2022 a 3 anni, 2020 a 5 anni)",M,
US-BIO-L,UNISALENTO,Scienze biologiche,L-13,L,3,Lecce,1,0750106201300002,83,24.4,4.4,45.8,22.9,14.5,4.8,,12.0,0.48,20.5,892,55,84.1,,,,,,,98.1,https://statistiche.almalaurea.it/cgi-php/universita/statistiche/visualizza.php?anno=2025&corstipo=L&ateneo=tutti&facolta=tutti&gruppo=tutti&classe=tutti&postcorso=0750106201300002&LANG=it&CONFIG=profilo,https://statistiche.almalaurea.it/universita/statistiche/trasparenza?codicione=0750106201300002,"Profilo laureati 2025; Occupazione indagine 2025 (laureati 2024 a 1 anno, 2022 a 3 anni, 2020 a 5 anni)",M,perc_fc5plus include 4° e 5°+ fuori corso (dato aggregato); occupazione a 1 anno: la maggior parte prosegue con la magistrale (vedi iscritti_lm_1anno)
US-BIO-LM,UNISALENTO,Biologia sperimentale ed applicata,LM-6,LM,2,Lecce,1,0750107300700012,45,28.4,3.3,51.1,26.7,8.9,6.7,2.2,4.4,0.66,60.5,1267,45,,66.7,1251,26,75.0,1461,23,100.0,https://statistiche.almalaurea.it/cgi-php/universita/statistiche/visualizza.php?anno=2025&corstipo=LS&ateneo=tutti&facolta=tutti&gruppo=tutti&classe=tutti&postcorso=0750107300700012&LANG=it&CONFIG=profilo,https://statistiche.almalaurea.it/universita/statistiche/trasparenza?codicione=0750107300700012,"Profilo laureati 2025; Occupazione indagine 2025 (laureati 2024 a 1 anno, 2022 a 3 anni, 2020 a 5 anni)",M,
US-MEC-L,UNISALENTO,Ingegneria meccanica,L-9,L,3,Lecce,1,0750106200900002,85,24.1,4.9,42.4,16.5,7.1,15.3,9.4,9.4,0.65,28.6,1230,52,83.3,,,,,,,97.6,https://statistiche.almalaurea.it/cgi-php/universita/statistiche/visualizza.php?anno=2025&corstipo=L&ateneo=tutti&facolta=tutti&gruppo=tutti&classe=tutti&postcorso=0750106200900002&LANG=it&CONFIG=profilo,https://statistiche.almalaurea.it/universita/statistiche/trasparenza?codicione=0750106200900002,"Profilo laureati 2025; Occupazione indagine 2025 (laureati 2024 a 1 anno, 2022 a 3 anni, 2020 a 5 anni)",M,occupazione a 1 anno: la maggior parte prosegue con la magistrale (vedi iscritti_lm_1anno)
US-MEC-LM,UNISALENTO,Ingegneria meccanica,LM-33,LM,2,Lecce,1,0750107303400001,15,27.4,3.4,13.3,66.7,13.3,0.0,0.0,6.7,0.72,87.5,1804,9,,100.0,1862,25,87.5,2027,19,,https://statistiche.almalaurea.it/cgi-php/universita/statistiche/visualizza.php?anno=2025&corstipo=LS&ateneo=tutti&facolta=tutti&gruppo=tutti&classe=tutti&postcorso=0750107303400001&LANG=it&CONFIG=profilo,https://statistiche.almalaurea.it/universita/statistiche/trasparenza?codicione=0750107303400001,"Profilo laureati 2025; Occupazione indagine 2025 (laureati 2024 a 1 anno, 2022 a 3 anni, 2020 a 5 anni)",M,
US-GIU,UNISALENTO,Giurisprudenza,LMG/01,LMCU,5,Lecce,0,0750107051400001,93,27.3,7.7,22.6,24.7,15.1,9.7,8.6,19.4,0.53,52.7,1116,76,,80.8,1467,92,94.2,1599,80,82.8,https://statistiche.almalaurea.it/cgi-php/universita/statistiche/visualizza.php?anno=2025&corstipo=LSE&ateneo=tutti&facolta=tutti&gruppo=tutti&classe=tutti&postcorso=0750107051400001&LANG=it&CONFIG=profilo,https://statistiche.almalaurea.it/universita/statistiche/trasparenza?codicione=0750107051400001,"Profilo laureati 2025; Occupazione indagine 2025 (laureati 2024 a 1 anno, 2022 a 3 anni, 2020 a 5 anni)",M,
