km_da,km_a,abbonamento_mensile,fonte,tipo_dato
1,10,31,"https://www.trenitalia.com/content/dam/trenitalia/allegati/info/condizioni-generali-di-trasporto/parte-iii-trasporto-regionale/tariffa-40/Tariffa_40_14_Puglia.pdf (Tariffa 40/14/Puglia, valida dal 11.02.2026)",R
11,15,44,"https://www.trenitalia.com/content/dam/trenitalia/allegati/info/condizioni-generali-di-trasporto/parte-iii-trasporto-regionale/tariffa-40/Tariffa_40_14_Puglia.pdf (Tariffa 40/14/Puglia, valida dal 11.02.2026)",R
16,20,57,"https://www.trenitalia.com/content/dam/trenitalia/allegati/info/condizioni-generali-di-trasporto/parte-iii-trasporto-regionale/tariffa-40/Tariffa_40_14_Puglia.pdf (Tariffa 40/14/Puglia, valida dal 11.02.2026)",R
21,25,68,"https://www.trenitalia.com/content/dam/trenitalia/allegati/info/condizioni-generali-di-trasporto/parte-iii-trasporto-regionale/tariffa-40/Tariffa_40_14_Puglia.pdf (Tariffa 40/14/Puglia, valida dal 11.02.2026)",R
26,30,79,"https://www.trenitalia.com/content/dam/trenitalia/allegati/info/condizioni-generali-di-trasporto/parte-iii-trasporto-regionale/tariffa-40/Tariffa_40_14_Puglia.pdf (Tariffa 40/14/Puglia, valida dal 11.02.2026)",R
31,35,88,"https://www.trenitalia.com/content/dam/trenitalia/allegati/info/condizioni-generali-di-trasporto/parte-iii-trasporto-regionale/tariffa-40/Tariffa_40_14_Puglia.pdf (Tariffa 40/14/Puglia, valida dal 11.02.2026)",R
36,40,97,"https://www.trenitalia.com/content/dam/trenitalia/allegati/info/condizioni-generali-di-trasporto/parte-iii-trasporto-regionale/tariffa-40/Tariffa_40_14_Puglia.pdf (Tariffa 40/14/Puglia, valida dal 11.02.2026)",R
41,45,102,"https://www.trenitalia.com/content/dam/trenitalia/allegati/info/condizioni-generali-di-trasporto/parte-iii-trasporto-regionale/tariffa-40/Tariffa_40_14_Puglia.pdf (Tariffa 40/14/Puglia, valida dal 11.02.2026)",R
46,50,108,"https://www.trenitalia.com/content/dam/trenitalia/allegati/info/condizioni-generali-di-trasporto/parte-iii-trasporto-regionale/tariffa-40/Tariffa_40_14_Puglia.pdf (Tariffa 40/14/Puglia, valida dal 11.02.2026)",R
51,60,114,"https://www.trenitalia.com/content/dam/trenitalia/allegati/info/condizioni-generali-di-trasporto/parte-iii-trasporto-regionale/tariffa-40/Tariffa_40_14_Puglia.pdf (Tariffa 40/14/Puglia, valida dal 11.02.2026)",R
61,70,121,"https://www.trenitalia.com/content/dam/trenitalia/allegati/info/condizioni-generali-di-trasporto/parte-iii-trasporto-regionale/tariffa-40/Tariffa_40_14_Puglia.pdf (Tariffa 40/14/Puglia, valida dal 11.02.2026)",R
71,80,128,"https://www.trenitalia.com/content/dam/trenitalia/allegati/info/condizioni-generali-di-trasporto/parte-iii-trasporto-regionale/tariffa-40/Tariffa_40_14_Puglia.pdf (Tariffa 40/14/Puglia, valida dal 11.02.2026)",R
81,90,134,"https://www.trenitalia.com/content/dam/trenitalia/allegati/info/condizioni-generali-di-trasporto/parte-iii-trasporto-regionale/tariffa-40/Tariffa_40_14_Puglia.pdf (Tariffa 40/14/Puglia, valida dal 11.02.2026)",R
91,100,141,"https://www.trenitalia.com/content/dam/trenitalia/allegati/info/condizioni-generali-di-trasporto/parte-iii-trasporto-regionale/tariffa-40/Tariffa_40_14_Puglia.pdf (Tariffa 40/14/Puglia, valida dal 11.02.2026)",R
101,110,147,"https://www.trenitalia.com/content/dam/trenitalia/allegati/info/condizioni-generali-di-trasporto/parte-iii-trasporto-regionale/tariffa-40/Tariffa_40_14_Puglia.pdf (Tariffa 40/14/Puglia, valida dal 11.02.2026)",R
111,120,154,"https://www.trenitalia.com/content/dam/trenitalia/allegati/info/condizioni-generali-di-trasporto/parte-iii-trasporto-regionale/tariffa-40/Tariffa_40_14_Puglia.pdf (Tariffa 40/14/Puglia, valida dal 11.02.2026)",R
121,130,161,"https://www.trenitalia.com/content/dam/trenitalia/allegati/info/condizioni-generali-di-trasporto/parte-iii-trasporto-regionale/tariffa-40/Tariffa_40_14_Puglia.pdf (Tariffa 40/14/Puglia, valida dal 11.02.2026)",R
131,140,167,"https://www.trenitalia.com/content/dam/trenitalia/allegati/info/condizioni-generali-di-trasporto/parte-iii-trasporto-regionale/tariffa-40/Tariffa_40_14_Puglia.pdf (Tariffa 40/14/Puglia, valida dal 11.02.2026)",R
141,150,174,"https://www.trenitalia.com/content/dam/trenitalia/allegati/info/condizioni-generali-di-trasporto/parte-iii-trasporto-regionale/tariffa-40/Tariffa_40_14_Puglia.pdf (Tariffa 40/14/Puglia, valida dal 11.02.2026)",R
151,160,180,"https://www.trenitalia.com/content/dam/trenitalia/allegati/info/condizioni-generali-di-trasporto/parte-iii-trasporto-regionale/tariffa-40/Tariffa_40_14_Puglia.pdf (Tariffa 40/14/Puglia, valida dal 11.02.2026)",R
161,170,187,"https://www.trenitalia.com/content/dam/trenitalia/allegati/info/condizioni-generali-di-trasporto/parte-iii-trasporto-regionale/tariffa-40/Tariffa_40_14_Puglia.pdf (Tariffa 40/14/Puglia, valida dal 11.02.2026)",R
171,180,193,"https://www.trenitalia.com/content/dam/trenitalia/allegati/info/condizioni-generali-di-trasporto/parte-iii-trasporto-regionale/tariffa-40/Tariffa_40_14_Puglia.pdf (Tariffa 40/14/Puglia, valida dal 11.02.2026)",R
181,190,200,"https://www.trenitalia.com/content/dam/trenitalia/allegati/info/condizioni-generali-di-trasporto/parte-iii-trasporto-regionale/tariffa-40/Tariffa_40_14_Puglia.pdf (Tariffa 40/14/Puglia, valida dal 11.02.2026)",R
191,200,207,"https://www.trenitalia.com/content/dam/trenitalia/allegati/info/condizioni-generali-di-trasporto/parte-iii-trasporto-regionale/tariffa-40/Tariffa_40_14_Puglia.pdf (Tariffa 40/14/Puglia, valida dal 11.02.2026)",R
201,210,213,"https://www.trenitalia.com/content/dam/trenitalia/allegati/info/condizioni-generali-di-trasporto/parte-iii-trasporto-regionale/tariffa-40/Tariffa_40_14_Puglia.pdf (Tariffa 40/14/Puglia, valida dal 11.02.2026)",R
211,220,220,"https://www.trenitalia.com/content/dam/trenitalia/allegati/info/condizioni-generali-di-trasporto/parte-iii-trasporto-regionale/tariffa-40/Tariffa_40_14_Puglia.pdf (Tariffa 40/14/Puglia, valida dal 11.02.2026)",R
221,230,226,"https://www.trenitalia.com/content/dam/trenitalia/allegati/info/condizioni-generali-di-trasporto/parte-iii-trasporto-regionale/tariffa-40/Tariffa_40_14_Puglia.pdf (Tariffa 40/14/Puglia, valida dal 11.02.2026)",R
231,240,233,"https://www.trenitalia.com/content/dam/trenitalia/allegati/info/condizioni-generali-di-trasporto/parte-iii-trasporto-regionale/tariffa-40/Tariffa_40_14_Puglia.pdf (Tariffa 40/14/Puglia, valida dal 11.02.2026)",R
241,250,240,"https://www.trenitalia.com/content/dam/trenitalia/allegati/info/condizioni-generali-di-trasporto/parte-iii-trasporto-regionale/tariffa-40/Tariffa_40_14_Puglia.pdf (Tariffa 40/14/Puglia, valida dal 11.02.2026)",R
